SequenceID,Pipeline,LibraryTube,LibraryBarcode,ExtractID,SampleID,Final Library Concentration,Volume Added to Pool (uL),Seq ID,Run ID
HDZ-063-S1,16S,1,16S1,HDZ-063-E1,HDZ-063,4.08,1,PL001,MIN_16_2024-5-16
HDZ-064-S2,16S,2,16S2,HDZ-064-E1,HDZ-064,2.91,1.4,PL001,MIN_16_2024-5-16
HDZ-004-S3,16S,3,16S3,HDZ-004-E1,HDZ-004,8.5,0.5,PL001,MIN_16_2024-5-16
HDZ-065-S4,16S,4,16S4,HDZ-065-E1,HDZ-065,3.39,1.2,PL001,MIN_16_2024-5-16
HDZ-066-S5,16S,5,16S5,HDZ-066-E1,HDZ-066,4.11,1,PL001,MIN_16_2024-5-16
HDZ-030-S6,16S,6,16S6,HDZ-030-E1,HDZ-030,6.6,0.6,PL001,MIN_16_2024-5-16
HDZ-021-S7,16S,7,16S7,HDZ-021-E1,HDZ-021,2.93,1.4,PL001,MIN_16_2024-5-16
HDZ-013-S8,16S,8,16S8,HDZ-013-E1,HDZ-013,2.13,1.9,PL001,MIN_16_2024-5-16
HDZ-067-S9,16S,9,16S9,HDZ-067-E1,HDZ-067,2.97,1.4,PL001,MIN_16_2024-5-16
HDZ-011-S10,16S,10,16S10,HDZ-011-E1,HDZ-011,6.3,0.6,PL001,MIN_16_2024-5-16
HDZ-005-S11,16S,11,16S11,HDZ-005-E1,HDZ-005,1.78,2.3,PL001,MIN_16_2024-5-16
HDZ-020-S12,16S,12,16S12,HDZ-020-E1,HDZ-020,2.27,1.8,PL001,MIN_16_2024-5-16
HDZ-019-S13,16S,13,16S13,HDZ-019-E1,HDZ-019,2.67,1.5,PL001,MIN_16_2024-5-16
HDZ-029-S14,16S,14,16S14,HDZ-029-E1,HDZ-029,3.69,1.1,PL001,MIN_16_2024-5-16
HDZ-026-S15,16S,15,16S15,HDZ-026-E1,HDZ-026,3.05,1.3,PL001,MIN_16_2024-5-16
HDZ-028-S16,16S,16,16S16,HDZ-028-E1,HDZ-028,7,0.6,PL001,MIN_16_2024-5-16
HDZ-025-S17,16S,17,16S17,HDZ-025-E1,HDZ-025,2.39,1.7,PL001,MIN_16_2024-5-16
HDZ-014-S18,16S,18,16S18,HDZ-014-E1,HDZ-014,1.89,2.1,PL001,MIN_16_2024-5-16
HDZ-024-S19,16S,19,16S19,HDZ-024-E1,HDZ-024,8.7,0.5,PL001,MIN_16_2024-5-16
HDZ-023-S20,16S,20,16S20,HDZ-023-E1,HDZ-023,5.6,0.7,PL001,MIN_16_2024-5-16
HDZ-016-S21,16S,21,16S21,HDZ-016-E1,HDZ-016,2.83,1.4,PL001,MIN_16_2024-5-16
HDZ-055-S22,16S,22,16S22,HDZ-055-E1,HDZ-055,2.77,1.5,PL001,MIN_16_2024-5-16
HDZ-010-S23,16S,23,16S23,HDZ-010-E1,HDZ-010,3.91,1,PL001,MIN_16_2024-5-16
PL-NTC-001-CTRL,16S,24,16S24,PL-NTC-001-E1,#N/A,2.3,1.7,PL001,MIN_16_2024-5-16
HDZ-076-S24,16S,1,16S1,HDZ-076-E1,HDZ-076,5.4,0.7,PL002,MIN_16_2024-6-10
HDZ-079-S25,16S,2,16S2,HDZ-079-E1,HDZ-079,4.18,1,PL002,MIN_16_2024-6-10
HDZ-068-S26,16S,3,16S3,HDZ-068-E1,HDZ-068,4.73,0.8,PL002,MIN_16_2024-6-10
HDZ-078-S27,16S,4,16S4,HDZ-078-E1,HDZ-078,5.8,0.7,PL002,MIN_16_2024-6-10
HDZ-015-S28,16S,5,16S5,HDZ-015-E1,HDZ-015,1.73,2.3,PL002,MIN_16_2024-6-10
HDZ-070-S29,16S,6,16S6,HDZ-070-E1,HDZ-070,4.55,0.9,PL002,MIN_16_2024-6-10
HDZ-018-S30,16S,7,16S7,HDZ-018-E1,HDZ-018,6,0.7,PL002,MIN_16_2024-6-10
HDZ-022-S31,16S,8,16S8,HDZ-022-E1,HDZ-022,5.7,0.7,PL002,MIN_16_2024-6-10
HDZ-027-S32,16S,9,16S9,HDZ-027-E1,HDZ-027,3.99,1,PL002,MIN_16_2024-6-10
HDZ-039-S33,16S,10,16S10,HDZ-039-E1,HDZ-039,7,0.6,PL002,MIN_16_2024-6-10
HDZ-072-S34,16S,11,16S11,HDZ-072-E1,HDZ-072,5.3,0.8,PL002,MIN_16_2024-6-10
HDZ-084-S35,16S,12,16S12,HDZ-084-E1,HDZ-084,4.81,0.8,PL002,MIN_16_2024-6-10
HDZ-028-S36,16S,13,16S13,HDZ-028-E1,HDZ-028,5.3,0.8,PL002,MIN_16_2024-6-10
HDZ-030-S37,16S,14,16S14,HDZ-030-E1,HDZ-030,3.83,1,PL002,MIN_16_2024-6-10
PL-NTC-002-CTRL,16S,15,16S15,PL-NTC-002-E1,#N/A,2.72,1.4,PL002,MIN_16_2024-6-10
HDZ-077-S38,16S,16,16S16,HDZ-077-E1,HDZ-077,0.854,4.7,PL002,MIN_16_2024-6-10
HDZ-083-S39,16S,17,16S17,HDZ-083-E1,HDZ-083,0.597,6.7,PL002,MIN_16_2024-6-10
HDZ-081-S40,16S,18,16S18,HDZ-081-E1,HDZ-081,0.52,2.5,PL002,MIN_16_2024-6-10
HDZ-082-S41,16S,19,16S19,HDZ-082-E1,HDZ-082,0.912,2.5,PL002,MIN_16_2024-6-10
HDZ-086-S42,16S,20,16S20,HDZ-086-E1,HDZ-086,1.56,2.5,PL002,MIN_16_2024-6-10
HDZ-033-S43,16S,21,16S21,HDZ-033-E1,HDZ-033,1.48,2.5,PL002,MIN_16_2024-6-10
HDZ-034-S44,16S,22,16S22,HDZ-034-E1,HDZ-034,0.776,2.5,PL002,MIN_16_2024-6-10
HDZ-038-S45,16S,23,16S23,HDZ-038-E1,HDZ-038,0.672,2.5,PL002,MIN_16_2024-6-10
HDZ-032-S46,16S,24,16S24,HDZ-032-E1,HDZ-032,2.89,1.4,PL002,MIN_16_2024-6-10
HDZ-177-S47,16S,1,16S1,HDZ-177-E1,HDZ-177,2.68,1.5,PL003,MIN_16_2024-6-12
HDZ-046-S48,16S,2,16S2,HDZ-046-E1,HDZ-046,0.701,5.7,PL003,MIN_16_2024-6-12
HDZ-045-S49,16S,3,16S3,HDZ-045-E1,HDZ-045,1.47,2.7,PL003,MIN_16_2024-6-12
HDZ-052-S50,16S,4,16S4,HDZ-052-E1,HDZ-052,2.19,1.8,PL003,MIN_16_2024-6-12
HDZ-176-S51,16S,5,16S5,HDZ-176-E1,HDZ-176,1.13,3.6,PL003,MIN_16_2024-6-12
HDZ-182-S52,16S,6,16S6,HDZ-182-E1,HDZ-182,1.07,3.8,PL003,MIN_16_2024-6-12
HDZ-041-S53,16S,7,16S7,HDZ-041-E1,HDZ-041,1.43,2.8,PL003,MIN_16_2024-6-12
HDZ-051-S54,16S,8,16S8,HDZ-051-E1,HDZ-051,5.4,0.7,PL003,MIN_16_2024-6-12
HDZ-107-S55,16S,9,16S9,HDZ-107-E1,HDZ-107,5.2,0.8,PL003,MIN_16_2024-6-12
HDZ-191-S56,16S,10,16S10,HDZ-191-E1,HDZ-191,1.57,2.6,PL003,MIN_16_2024-6-12
HDZ-101-S57,16S,11,16S11,HDZ-101-E1,HDZ-101,0.878,4.6,PL003,MIN_16_2024-6-12
HDZ-168-S58,16S,12,16S12,HDZ-168-E1,HDZ-168,1.62,2.5,PL003,MIN_16_2024-6-12
HDZ-190-S59,16S,13,16S13,HDZ-190-E1,HDZ-190,3.55,1.1,PL003,MIN_16_2024-6-12
HDZ-108-S60,16S,14,16S14,HDZ-108-E1,HDZ-108,3.88,1,PL003,MIN_16_2024-6-12
HDZ-175-S61,16S,15,16S15,HDZ-175-E1,HDZ-175,1.89,2.1,PL003,MIN_16_2024-6-12
HDZ-188-S62,16S,16,16S16,HDZ-188-E1,HDZ-188,1.77,2.3,PL003,MIN_16_2024-6-12
HDZ-058-S63,16S,17,16S17,HDZ-058-E1,HDZ-058,3.9,1,PL003,MIN_16_2024-6-12
HDZ-089-S64,16S,18,16S18,HDZ-089-E1,HDZ-089,6.9,0.6,PL003,MIN_16_2024-6-12
HDZ-093-S65,16S,19,16S19,HDZ-093-E1,HDZ-093,1.69,2.4,PL003,MIN_16_2024-6-12
HDZ-094-S66,16S,20,16S20,HDZ-094-E1,HDZ-094,1.46,2.8,PL003,MIN_16_2024-6-12
HDZ-155-S67,16S,21,16S21,HDZ-155-E1,HDZ-155,1.71,2.3,PL003,MIN_16_2024-6-12
HDZ-156-S68,16S,22,16S22,HDZ-156-E1,HDZ-156,2.31,1.7,PL003,MIN_16_2024-6-12
HDZ-104-S69,16S,23,16S23,HDZ-104-E1,HDZ-104,2.51,1.6,PL003,MIN_16_2024-6-12
PL-NTC-003-CTRL,16S,24,16S24,PL-NTC-003-E1,#N/A,0.757,5.3,PL003,MIN_16_2024-6-12
HDZ-193-S70,16S,1,16S1,HDZ-193-E1,HDZ-193,2.73,1.5,PL004,MIN_16_2024-6-13
HDZ-187-S71,16S,2,16S2,HDZ-187-E1,HDZ-187,2.38,1.7,PL004,MIN_16_2024-6-13
HDZ-099-S72,16S,3,16S3,HDZ-099-E1,HDZ-099,4.72,0.9,PL004,MIN_16_2024-6-13
HDZ-186-S73,16S,4,16S4,HDZ-186-E1,HDZ-186,3.47,1.2,PL004,MIN_16_2024-6-13
HDZ-181-S74,16S,5,16S5,HDZ-181-E1,HDZ-181,1.43,2.8,PL004,MIN_16_2024-6-13
HDZ-192-S75,16S,6,16S6,HDZ-192-E1,HDZ-192,3,1.3,PL004,MIN_16_2024-6-13
HDZ-196-S76,16S,7,16S7,HDZ-196-E1,HDZ-196,2.56,1.6,PL004,MIN_16_2024-6-13
HDZ-161-S77,16S,8,16S8,HDZ-161-E1,HDZ-161,2.17,1.9,PL004,MIN_16_2024-6-13
HDZ-087-S78,16S,9,16S9,HDZ-087-E1,HDZ-087,4.23,0.9,PL004,MIN_16_2024-6-13
HDZ-071-S79,16S,10,16S10,HDZ-071-E1,HDZ-071,1.19,3.4,PL004,MIN_16_2024-6-13
HDZ-060-S80,16S,11,16S11,HDZ-060-E1,HDZ-060,4.24,0.9,PL004,MIN_16_2024-6-13
HDZ-219-S81,16S,12,16S12,HDZ-219-E1,HDZ-219,4.43,0.9,PL004,MIN_16_2024-6-13
HDZ-163-S82,16S,13,16S13,HDZ-163-E1,HDZ-163,3.7,1.1,PL004,MIN_16_2024-6-13
HDZ-106-S83,16S,14,16S14,HDZ-106-E1,HDZ-106,4.82,0.8,PL004,MIN_16_2024-6-13
HDZ-183-S84,16S,15,16S15,HDZ-183-E1,HDZ-183,3.7,1.1,PL004,MIN_16_2024-6-13
HDZ-220-S85,16S,16,16S16,HDZ-220-E1,HDZ-220,1.51,2.7,PL004,MIN_16_2024-6-13
HDZ-199-S86,16S,17,16S17,HDZ-199-E1,HDZ-199,2.19,1.8,PL004,MIN_16_2024-6-13
HDZ-194-S87,16S,18,16S18,HDZ-194-E1,HDZ-194,1.76,2.3,PL004,MIN_16_2024-6-13
HDZ-198-S88,16S,19,16S19,HDZ-198-E1,HDZ-198,1.98,2,PL004,MIN_16_2024-6-13
HDZ-217-S89,16S,20,16S20,HDZ-217-E1,HDZ-217,1.15,3.5,PL004,MIN_16_2024-6-13
HDZ-221-S90,16S,21,16S21,HDZ-221-E1,HDZ-221,1.64,2.4,PL004,MIN_16_2024-6-13
HDZ-097-S91,16S,22,16S22,HDZ-097-E1,HDZ-097,6.3,0.6,PL004,MIN_16_2024-6-13
HDZ-085-S92,16S,23,16S23,HDZ-085-E1,HDZ-085,4.31,0.9,PL004,MIN_16_2024-6-13
PL-NTC-004-CTRL,16S,24,16S24,PL-NTC-004-E1,#N/A,0.663,1.8,PL004,MIN_16_2024-6-13
HDZ-002-S93,16S,1,16S1,HDZ-002-E1,HDZ-002,1.9,2.1,PL005,MIN_16_2024-7-17
HDZ-036-S94,16S,2,16S2,HDZ-036-E1,HDZ-036,1,4,PL005,MIN_16_2024-7-17
HDZ-096-S95,16S,3,16S3,HDZ-096-E1,HDZ-096,2.19,1.8,PL005,MIN_16_2024-7-17
HDZ-102-S96,16S,4,16S4,HDZ-102-E1,HDZ-102,1.21,3.3,PL005,MIN_16_2024-7-17
HDZ-105-S97,16S,5,16S5,HDZ-105-E1,HDZ-105,0.826,4.9,PL005,MIN_16_2024-7-17
HDZ-179-S98,16S,6,16S6,HDZ-179-E1,HDZ-179,0.864,4.6,PL005,MIN_16_2024-7-17
HDZ-180-S99,16S,7,16S7,HDZ-180-E1,HDZ-180,1.37,2.9,PL005,MIN_16_2024-7-17
HDZ-200-S100,16S,8,16S8,HDZ-200-E1,HDZ-200,1.9,2.1,PL005,MIN_16_2024-7-17
HDZ-205-S101,16S,9,16S9,HDZ-205-E1,HDZ-205,3.75,1.1,PL005,MIN_16_2024-7-17
HDZ-207-S102,16S,10,16S10,HDZ-207-E1,HDZ-207,3.36,1.2,PL005,MIN_16_2024-7-17
HDZ-208-S103,16S,11,16S11,HDZ-208-E1,HDZ-208,3.73,1.1,PL005,MIN_16_2024-7-17
HDZ-209-S104,16S,12,16S12,HDZ-209-E1,HDZ-209,1.35,3,PL005,MIN_16_2024-7-17
HDZ-210-S105,16S,13,16S13,HDZ-210-E1,HDZ-210,2.07,1.9,PL005,MIN_16_2024-7-17
HDZ-211-S106,16S,14,16S14,HDZ-211-E1,HDZ-211,0.976,4.1,PL005,MIN_16_2024-7-17
HDZ-213-S107,16S,15,16S15,HDZ-213-E1,HDZ-213,1.34,3,PL005,MIN_16_2024-7-17
HDZ-215-S108,16S,16,16S16,HDZ-215-E1,HDZ-215,1.38,2.9,PL005,MIN_16_2024-7-17
HDZ-222-S109,16S,17,16S17,HDZ-222-E1,HDZ-222,2.03,2,PL005,MIN_16_2024-7-17
HDZ-301-S110,16S,18,16S18,HDZ-301-E1,HDZ-301,5.6,0.7,PL005,MIN_16_2024-7-17
HDZ-302-S111,16S,19,16S19,HDZ-302-E1,HDZ-302,1.3,3.1,PL005,MIN_16_2024-7-17
HDZ-303-S112,16S,20,16S20,HDZ-303-E1,HDZ-303,1.92,2.1,PL005,MIN_16_2024-7-17
HDZ-304-S113,16S,21,16S21,HDZ-304-E1,HDZ-304,0.778,5.2,PL005,MIN_16_2024-7-17
HDZ-305-S114,16S,22,16S22,HDZ-305-E1,HDZ-305,1.27,3.2,PL005,MIN_16_2024-7-17
HDZ-306-S115,16S,23,16S23,HDZ-306-E1,HDZ-306,4.59,0.9,PL005,MIN_16_2024-7-17
PL-NTC-005-CTRL,16S,24,16S24,PL-NTC-005-E1,#N/A,0.713,,PL005,MIN_16_2024-7-17
HDZ-307-S116,16S,1,16S1,HDZ-307-E1,HDZ-307,,,PL006,MIN_16_2024-7-18
HDZ-308-S117,16S,2,16S2,HDZ-308-E1,HDZ-308,,,PL006,MIN_16_2024-7-18
HDZ-309-S118,16S,3,16S3,HDZ-309-E1,HDZ-309,,,PL006,MIN_16_2024-7-18
HDZ-310-S119,16S,4,16S4,HDZ-310-E1,HDZ-310,,,PL006,MIN_16_2024-7-18
HDZ-311-S120,16S,5,16S5,HDZ-311-E1,HDZ-311,,,PL006,MIN_16_2024-7-18
HDZ-312-S121,16S,6,16S6,HDZ-312-E1,HDZ-312,,,PL006,MIN_16_2024-7-18
HDZ-223-S122,16S,7,16S7,HDZ-223-E1,HDZ-223,,,PL006,MIN_16_2024-7-18
HDZ-224-S123,16S,8,16S8,HDZ-224-E1,HDZ-224,,,PL006,MIN_16_2024-7-18
HDZ-226-S124,16S,9,16S9,HDZ-226-E1,HDZ-226,,,PL006,MIN_16_2024-7-18
HDZ-313-S125,16S,10,16S10,HDZ-313-E1,HDZ-313,,,PL006,MIN_16_2024-7-18
HDZ-314-S126,16S,11,16S11,HDZ-314-E1,HDZ-314,,,PL006,MIN_16_2024-7-18
HDZ-315-S127,16S,12,16S12,HDZ-315-E1,HDZ-315,,,PL006,MIN_16_2024-7-18
HDZ-227-S128,16S,13,16S13,HDZ-227-E1,HDZ-227,,,PL006,MIN_16_2024-7-18
HDZ-228-S129,16S,14,16S14,HDZ-228-E1,HDZ-228,,,PL006,MIN_16_2024-7-18
HDZ-229-S130,16S,15,16S15,HDZ-229-E1,HDZ-229,,,PL006,MIN_16_2024-7-18
HDZ-320-S131,16S,16,16S16,HDZ-320-E1,HDZ-320,,,PL006,MIN_16_2024-7-18
HDZ-321-S132,16S,17,16S17,HDZ-321-E1,HDZ-321,,,PL006,MIN_16_2024-7-18
HDZ-322-S133,16S,18,16S18,HDZ-322-E1,HDZ-322,,,PL006,MIN_16_2024-7-18
HDZ-323-S134,16S,19,16S19,HDZ-323-E1,HDZ-323,,,PL006,MIN_16_2024-7-18
HDZ-324-S135,16S,20,16S20,HDZ-324-E1,HDZ-324,,,PL006,MIN_16_2024-7-18
HDZ-325-S136,16S,21,16S21,HDZ-325-E1,HDZ-325,,,PL006,MIN_16_2024-7-18
HDZ-326-S137,16S,22,16S22,HDZ-326-E1,HDZ-326,,,PL006,MIN_16_2024-7-18
HDZ-327-S138,16S,23,16S23,HDZ-327-E1,HDZ-327,,,PL006,MIN_16_2024-7-18
PL-NTC-006-CTRL,16S,24,16S24,PL-NTC-006-E1,#N/A,,,PL006,MIN_16_2024-7-18
HDZ-206-S139,16S,1,16S1,HDZ-206-E1,HDZ-206,,,PL007,MIN_16_2024-7-22
HDZ-240-S140,16S,2,16S2,HDZ-240-E1,HDZ-240,,,PL007,MIN_16_2024-7-22
HDZ-241-S141,16S,3,16S3,HDZ-241-E1,HDZ-241,,,PL007,MIN_16_2024-7-22
HDZ-242-S142,16S,4,16S4,HDZ-242-E1,HDZ-242,,,PL007,MIN_16_2024-7-22
HDZ-243-S143,16S,5,16S5,HDZ-243-E1,HDZ-243,,,PL007,MIN_16_2024-7-22
HDZ-244-S144,16S,6,16S6,HDZ-244-E1,HDZ-244,,,PL007,MIN_16_2024-7-22
HDZ-245-S145,16S,7,16S7,HDZ-245-E1,HDZ-245,,,PL007,MIN_16_2024-7-22
HDZ-246-S146,16S,8,16S8,HDZ-246-E1,HDZ-246,,,PL007,MIN_16_2024-7-22
HDZ-247-S147,16S,9,16S9,HDZ-247-E1,HDZ-247,,,PL007,MIN_16_2024-7-22
HDZ-248-S148,16S,10,16S10,HDZ-248-E1,HDZ-248,,,PL007,MIN_16_2024-7-22
HDZ-249-S149,16S,11,16S11,HDZ-249-E1,HDZ-249,,,PL007,MIN_16_2024-7-22
HDZ-250-S150,16S,12,16S12,HDZ-250-E1,HDZ-250,,,PL007,MIN_16_2024-7-22
HDZ-251-S151,16S,13,16S13,HDZ-251-E1,HDZ-251,,,PL007,MIN_16_2024-7-22
HDZ-252-S152,16S,14,16S14,HDZ-252-E1,HDZ-252,,,PL007,MIN_16_2024-7-22
HDZ-253-S153,16S,15,16S15,HDZ-253-E1,HDZ-253,,,PL007,MIN_16_2024-7-22
HDZ-254-S154,16S,16,16S16,HDZ-254-E1,HDZ-254,,,PL007,MIN_16_2024-7-22
HDZ-317-S155,16S,17,16S17,HDZ-317-E1,HDZ-317,,,PL007,MIN_16_2024-7-22
HDZ-318-S156,16S,18,16S18,HDZ-318-E1,HDZ-318,,,PL007,MIN_16_2024-7-22
HDZ-319-S157,16S,19,16S19,HDZ-319-E1,HDZ-319,,,PL007,MIN_16_2024-7-22
HDZ-328-S158,16S,20,16S20,HDZ-328-E1,HDZ-328,,,PL007,MIN_16_2024-7-22
HDZ-336-S159,16S,21,16S21,HDZ-336-E1,HDZ-336,,,PL007,MIN_16_2024-7-22
HDZ-337-S160,16S,22,16S22,HDZ-337-E1,HDZ-337,,,PL007,MIN_16_2024-7-22
HDZ-338-S161,16S,23,16S23,HDZ-338-E1,HDZ-338,,,PL007,MIN_16_2024-7-22
PL-NTC-007-CTRL,16S,24,16S24,PL-NTC-007-E1,#N/A,,,PL007,MIN_16_2024-7-22
HDZ-258-S162,16S,1,16S1,HDZ-258-E1,HDZ-258,,,PL008,MIN_16_2024-8-16
HDZ-259-S163,16S,2,16S2,HDZ-259-E1,HDZ-259,,,PL008,MIN_16_2024-8-16
HDZ-260-S164,16S,3,16S3,HDZ-260-E1,HDZ-260,,,PL008,MIN_16_2024-8-16
HDZ-262-S165,16S,4,16S4,HDZ-262-E1,HDZ-262,,,PL008,MIN_16_2024-8-16
HDZ-263-S166,16S,5,16S5,HDZ-263-E1,HDZ-263,,,PL008,MIN_16_2024-8-16
HDZ-264-S167,16S,6,16S6,HDZ-264-E1,HDZ-264,,,PL008,MIN_16_2024-8-16
HDZ-332-S168,16S,7,16S7,HDZ-332-E1,HDZ-332,,,PL008,MIN_16_2024-8-16
HDZ-333-S169,16S,8,16S8,HDZ-333-E1,HDZ-333,,,PL008,MIN_16_2024-8-16
HDZ-341-S170,16S,9,16S9,HDZ-341-E1,HDZ-341,,,PL008,MIN_16_2024-8-16
HDZ-342-S171,16S,10,16S10,HDZ-342-E1,HDZ-342,,,PL008,MIN_16_2024-8-16
HDZ-343-S172,16S,11,16S11,HDZ-343-E1,HDZ-343,,,PL008,MIN_16_2024-8-16
HDZ-349-S173,16S,12,16S12,HDZ-349-E1,HDZ-349,,,PL008,MIN_16_2024-8-16
HDZ-350-S174,16S,13,16S13,HDZ-350-E1,HDZ-350,,,PL008,MIN_16_2024-8-16
HDZ-351-S175,16S,14,16S14,HDZ-351-E1,HDZ-351,,,PL008,MIN_16_2024-8-16
HDZ-352-S176,16S,15,16S15,HDZ-352-E1,HDZ-352,,,PL008,MIN_16_2024-8-16
HDZ-354-S177,16S,16,16S16,HDZ-354-E1,HDZ-354,,,PL008,MIN_16_2024-8-16
HDZ-355-S178,16S,17,16S17,HDZ-355-E1,HDZ-355,,,PL008,MIN_16_2024-8-16
HDZ-356-S179,16S,18,16S18,HDZ-356-E1,HDZ-356,,,PL008,MIN_16_2024-8-16
HDZ-357-S180,16S,19,16S19,HDZ-357-E1,HDZ-357,,,PL008,MIN_16_2024-8-16
HDZ-358-S181,16S,20,16S20,HDZ-358-E1,HDZ-358,,,PL008,MIN_16_2024-8-16
HDZ-359-S182,16S,21,16S21,HDZ-359-E1,HDZ-359,,,PL008,MIN_16_2024-8-16
HDZ-360-S183,16S,22,16S22,HDZ-360-E1,HDZ-360,,,PL008,MIN_16_2024-8-16
HDZ-361-S184,16S,23,16S23,HDZ-361-E1,HDZ-361,,,PL008,MIN_16_2024-8-16
PL-NTC-008-CTRL,16S,24,16S24,PL-NTC-008-E1,#N/A,,,PL008,MIN_16_2024-8-16
HDZ-035-S185,16S,1,16S1,HDZ-035-E1,HDZ-035,,,PL009,MIN_16_2024-8-16
HDZ-037-S186,16S,2,16S2,HDZ-037-E1,HDZ-037,,,PL009,MIN_16_2024-8-16
HDZ-040-S187,16S,3,16S3,HDZ-040-E1,HDZ-040,,,PL009,MIN_16_2024-8-16
HDZ-042-S188,16S,4,16S4,HDZ-042-E1,HDZ-042,,,PL009,MIN_16_2024-8-16
HDZ-044-S189,16S,5,16S5,HDZ-044-E1,HDZ-044,,,PL009,MIN_16_2024-8-16
HDZ-047-S190,16S,6,16S6,HDZ-047-E1,HDZ-047,,,PL009,MIN_16_2024-8-16
HDZ-053-S191,16S,7,16S7,HDZ-053-E1,HDZ-053,,,PL009,MIN_16_2024-8-16
HDZ-054-S192,16S,8,16S8,HDZ-054-E1,HDZ-054,,,PL009,MIN_16_2024-8-16
HDZ-069-S193,16S,9,16S9,HDZ-069-E1,HDZ-069,,,PL009,MIN_16_2024-8-16
HDZ-073-S194,16S,10,16S10,HDZ-073-E1,HDZ-073,,,PL009,MIN_16_2024-8-16
HDZ-164-S195,16S,11,16S11,HDZ-164-E1,HDZ-164,,,PL009,MIN_16_2024-8-16
HDZ-165-S196,16S,12,16S12,HDZ-165-E1,HDZ-165,,,PL009,MIN_16_2024-8-16
HDZ-166-S197,16S,13,16S13,HDZ-166-E1,HDZ-166,,,PL009,MIN_16_2024-8-16
HDZ-167-S198,16S,14,16S14,HDZ-167-E1,HDZ-167,,,PL009,MIN_16_2024-8-16
HDZ-178-S199,16S,15,16S15,HDZ-178-E1,HDZ-178,,,PL009,MIN_16_2024-8-16
HDZ-189-S200,16S,16,16S16,HDZ-189-E1,HDZ-189,,,PL009,MIN_16_2024-8-16
HDZ-195-S201,16S,17,16S17,HDZ-195-E1,HDZ-195,,,PL009,MIN_16_2024-8-16
HDZ-197-S202,16S,18,16S18,HDZ-197-E1,HDZ-197,,,PL009,MIN_16_2024-8-16
HDZ-203-S203,16S,19,16S19,HDZ-203-E1,HDZ-203,,,PL009,MIN_16_2024-8-16
HDZ-218-S204,16S,20,16S20,HDZ-218-E1,HDZ-218,,,PL009,MIN_16_2024-8-16
HDZ-265-S205,16S,21,16S21,HDZ-265-E1,HDZ-265,,,PL009,MIN_16_2024-8-16
HDZ-415-S206,16S,22,16S22,HDZ-415-E1,HDZ-415,,,PL009,MIN_16_2024-8-16
HDZ-420-S207,16S,23,16S23,HDZ-420-E1,HDZ-420,,,PL009,MIN_16_2024-8-16
PL-NTC-009-CTRL,16S,24,16S24,PL-NTC-009-E1,#N/A,,,PL009,MIN_16_2024-8-16
HDZ-362-S208,16S,1,16S1,HDZ-362-E1,HDZ-362,,,PL010,MIN_16_2024-8-21
HDZ-363-S209,16S,2,16S2,HDZ-363-E1,HDZ-363,,,PL010,MIN_16_2024-8-21
HDZ-364-S210,16S,3,16S3,HDZ-364-E1,HDZ-364,,,PL010,MIN_16_2024-8-21
HDZ-365-S211,16S,4,16S4,HDZ-365-E1,HDZ-365,,,PL010,MIN_16_2024-8-21
HDZ-366-S212,16S,5,16S5,HDZ-366-E1,HDZ-366,,,PL010,MIN_16_2024-8-21
HDZ-367-S213,16S,6,16S6,HDZ-367-E1,HDZ-367,,,PL010,MIN_16_2024-8-21
HDZ-368-S214,16S,7,16S7,HDZ-368-E1,HDZ-368,,,PL010,MIN_16_2024-8-21
HDZ-369-S215,16S,8,16S8,HDZ-369-E1,HDZ-369,,,PL010,MIN_16_2024-8-21
HDZ-370-S216,16S,9,16S9,HDZ-370-E1,HDZ-370,,,PL010,MIN_16_2024-8-21
HDZ-371-S217,16S,10,16S10,HDZ-371-E1,HDZ-371,,,PL010,MIN_16_2024-8-21
HDZ-372-S218,16S,11,16S11,HDZ-372-E1,HDZ-372,,,PL010,MIN_16_2024-8-21
HDZ-373-S219,16S,12,16S12,HDZ-373-E1,HDZ-373,,,PL010,MIN_16_2024-8-21
HDZ-416-S220,16S,13,16S13,HDZ-416-E1,HDZ-416,,,PL010,MIN_16_2024-8-21
HDZ-417-S221,16S,14,16S14,HDZ-417-E1,HDZ-417,,,PL010,MIN_16_2024-8-21
HDZ-421-S222,16S,15,16S15,HDZ-421-E1,HDZ-421,,,PL010,MIN_16_2024-8-21
HDZ-423-S223,16S,16,16S16,HDZ-423-E1,HDZ-423,,,PL010,MIN_16_2024-8-21
HDZ-424-S224,16S,17,16S17,HDZ-424-E1,HDZ-424,,,PL010,MIN_16_2024-8-21
HDZ-425-S225,16S,18,16S18,HDZ-425-E1,HDZ-425,,,PL010,MIN_16_2024-8-21
HDZ-426-S226,16S,19,16S19,HDZ-426-E1,HDZ-426,,,PL010,MIN_16_2024-8-21
HDZ-431-S227,16S,20,16S20,HDZ-431-E1,HDZ-431,,,PL010,MIN_16_2024-8-21
HDZ-432-S228,16S,21,16S21,HDZ-432-E1,HDZ-432,,,PL010,MIN_16_2024-8-21
HDZ-433-S229,16S,22,16S22,HDZ-433-E1,HDZ-433,,,PL010,MIN_16_2024-8-21
HDZ-434-S230,16S,23,16S23,HDZ-434-E1,HDZ-434,,,PL010,MIN_16_2024-8-21
PL-NTC-010-CTRL,16S,24,16S24,PL-NTC-010-E1,#N/A,,,PL010,MIN_16_2024-8-21
HDZ-001-S231,16S,1,16S1,HDZ-001-E1,HDZ-001,,,PL011,MIN_16_2024-8-21
HDZ-050-S232,16S,2,16S2,HDZ-050-E1,HDZ-050,,,PL011,MIN_16_2024-8-21
HDZ-057-S233,16S,3,16S3,HDZ-057-E1,HDZ-057,,,PL011,MIN_16_2024-8-21
HDZ-088-S234,16S,4,16S4,HDZ-088-E1,HDZ-088,,,PL011,MIN_16_2024-8-21
HDZ-090-S235,16S,5,16S5,HDZ-090-E1,HDZ-090,,,PL011,MIN_16_2024-8-21
HDZ-091-S236,16S,6,16S6,HDZ-091-E1,HDZ-091,,,PL011,MIN_16_2024-8-21
HDZ-092-S237,16S,7,16S7,HDZ-092-E1,HDZ-092,,,PL011,MIN_16_2024-8-21
HDZ-098-S238,16S,8,16S8,HDZ-098-E1,HDZ-098,,,PL011,MIN_16_2024-8-21
HDZ-103-S239,16S,9,16S9,HDZ-103-E1,HDZ-103,,,PL011,MIN_16_2024-8-21
HDZ-109-S240,16S,10,16S10,HDZ-109-E1,HDZ-109,,,PL011,MIN_16_2024-8-21
HDZ-157-S241,16S,11,16S11,HDZ-157-E1,HDZ-157,,,PL011,MIN_16_2024-8-21
HDZ-160-S242,16S,12,16S12,HDZ-160-E1,HDZ-160,,,PL011,MIN_16_2024-8-21
HDZ-162-S243,16S,13,16S13,HDZ-162-E1,HDZ-162,,,PL011,MIN_16_2024-8-21
HDZ-169-S244,16S,14,16S14,HDZ-169-E1,HDZ-169,,,PL011,MIN_16_2024-8-21
HDZ-170-S245,16S,15,16S15,HDZ-170-E1,HDZ-170,,,PL011,MIN_16_2024-8-21
HDZ-173-S246,16S,16,16S16,HDZ-173-E1,HDZ-173,,,PL011,MIN_16_2024-8-21
HDZ-174-S247,16S,17,16S17,HDZ-174-E1,HDZ-174,,,PL011,MIN_16_2024-8-21
HDZ-184-S248,16S,18,16S18,HDZ-184-E1,HDZ-184,,,PL011,MIN_16_2024-8-21
HDZ-204-S249,16S,19,16S19,HDZ-204-E1,HDZ-204,,,PL011,MIN_16_2024-8-21
HDZ-212-S250,16S,20,16S20,HDZ-212-E1,HDZ-212,,,PL011,MIN_16_2024-8-21
HDZ-214-S251,16S,21,16S21,HDZ-214-E1,HDZ-214,,,PL011,MIN_16_2024-8-21
HDZ-339-S252,16S,22,16S22,HDZ-339-E1,HDZ-339,,,PL011,MIN_16_2024-8-21
HDZ-437-S253,16S,23,16S23,HDZ-437-E1,HDZ-437,,,PL011,MIN_16_2024-8-21
PL-NTC-011-CTRL,16S,24,16S24,PL-NTC-011-E1,#N/A,,,PL011,MIN_16_2024-8-21
HDZ-266-S254,16S,1,16S1,HDZ-266-E1,HDZ-266,,,PL012,MIN_16_2024-8-30
HDZ-267-S255,16S,2,16S2,HDZ-267-E1,HDZ-267,,,PL012,MIN_16_2024-8-30
HDZ-316-S256,16S,3,16S3,HDZ-316-E1,HDZ-316,,,PL012,MIN_16_2024-8-30
HDZ-335-S257,16S,4,16S4,HDZ-335-E1,HDZ-335,,,PL012,MIN_16_2024-8-30
HDZ-345-S258,16S,5,16S5,HDZ-345-E1,HDZ-345,,,PL012,MIN_16_2024-8-30
HDZ-348-S259,16S,6,16S6,HDZ-348-E1,HDZ-348,,,PL012,MIN_16_2024-8-30
HDZ-383-S260,16S,7,16S7,HDZ-383-E1,HDZ-383,,,PL012,MIN_16_2024-8-30
HDZ-384-S261,16S,8,16S8,HDZ-384-E1,HDZ-384,,,PL012,MIN_16_2024-8-30
HDZ-385-S262,16S,9,16S9,HDZ-385-E1,HDZ-385,,,PL012,MIN_16_2024-8-30
HDZ-386-S263,16S,10,16S10,HDZ-386-E1,HDZ-386,,,PL012,MIN_16_2024-8-30
HDZ-387-S264,16S,11,16S11,HDZ-387-E1,HDZ-387,,,PL012,MIN_16_2024-8-30
HDZ-388-S265,16S,12,16S12,HDZ-388-E1,HDZ-388,,,PL012,MIN_16_2024-8-30
HDZ-389-S266,16S,13,16S13,HDZ-389-E1,HDZ-389,,,PL012,MIN_16_2024-8-30
HDZ-390-S267,16S,14,16S14,HDZ-390-E1,HDZ-390,,,PL012,MIN_16_2024-8-30
HDZ-391-S268,16S,15,16S15,HDZ-391-E1,HDZ-391,,,PL012,MIN_16_2024-8-30
HDZ-392-S269,16S,16,16S16,HDZ-392-E1,HDZ-392,,,PL012,MIN_16_2024-8-30
HDZ-393-S270,16S,17,16S17,HDZ-393-E1,HDZ-393,,,PL012,MIN_16_2024-8-30
HDZ-394-S271,16S,18,16S18,HDZ-394-E1,HDZ-394,,,PL012,MIN_16_2024-8-30
HDZ-395-S272,16S,19,16S19,HDZ-395-E1,HDZ-395,,,PL012,MIN_16_2024-8-30
HDZ-396-S273,16S,20,16S20,HDZ-396-E1,HDZ-396,,,PL012,MIN_16_2024-8-30
HDZ-397-S274,16S,21,16S21,HDZ-397-E1,HDZ-397,,,PL012,MIN_16_2024-8-30
HDZ-438-S275,16S,22,16S22,HDZ-438-E1,HDZ-438,,,PL012,MIN_16_2024-8-30
HDZ-439-S276,16S,23,16S23,HDZ-439-E1,HDZ-439,,,PL012,MIN_16_2024-8-30
PL-NTC-012-CTRL,16S,24,16S24,PL-NTC-012-E1,#N/A,,,PL012,MIN_16_2024-8-30
HDZ-230-S277,16S,1,16S1,HDZ-230-E1,HDZ-230,,,PL013,MIN_16_2024-8-30
HDZ-231-S278,16S,2,16S2,HDZ-231-E1,HDZ-231,,,PL013,MIN_16_2024-8-30
HDZ-232-S279,16S,3,16S3,HDZ-232-E1,HDZ-232,,,PL013,MIN_16_2024-8-30
HDZ-233-S280,16S,4,16S4,HDZ-233-E1,HDZ-233,,,PL013,MIN_16_2024-8-30
HDZ-234-S281,16S,5,16S5,HDZ-234-E1,HDZ-234,,,PL013,MIN_16_2024-8-30
HDZ-235-S282,16S,6,16S6,HDZ-235-E1,HDZ-235,,,PL013,MIN_16_2024-8-30
HDZ-236-S283,16S,7,16S7,HDZ-236-E1,HDZ-236,,,PL013,MIN_16_2024-8-30
HDZ-374-S284,16S,8,16S8,HDZ-374-E1,HDZ-374,,,PL013,MIN_16_2024-8-30
HDZ-375-S285,16S,9,16S9,HDZ-375-E1,HDZ-375,,,PL013,MIN_16_2024-8-30
HDZ-376-S286,16S,10,16S10,HDZ-376-E1,HDZ-376,,,PL013,MIN_16_2024-8-30
HDZ-377-S287,16S,11,16S11,HDZ-377-E1,HDZ-377,,,PL013,MIN_16_2024-8-30
HDZ-378-S288,16S,12,16S12,HDZ-378-E1,HDZ-378,,,PL013,MIN_16_2024-8-30
HDZ-379-S289,16S,13,16S13,HDZ-379-E1,HDZ-379,,,PL013,MIN_16_2024-8-30
HDZ-380-S290,16S,14,16S14,HDZ-380-E1,HDZ-380,,,PL013,MIN_16_2024-8-30
HDZ-422-S291,16S,15,16S15,HDZ-422-E1,HDZ-422,,,PL013,MIN_16_2024-8-30
HDZ-430-S292,16S,16,16S16,HDZ-430-E1,HDZ-430,,,PL013,MIN_16_2024-8-30
HDZ-440-S293,16S,17,16S17,HDZ-440-E1,HDZ-440,,,PL013,MIN_16_2024-8-30
HDZ-442-S294,16S,18,16S18,HDZ-442-E1,HDZ-442,,,PL013,MIN_16_2024-8-30
HDZ-443-S295,16S,19,16S19,HDZ-443-E1,HDZ-443,,,PL013,MIN_16_2024-8-30
HDZ-444-S296,16S,20,16S20,HDZ-444-E1,HDZ-444,,,PL013,MIN_16_2024-8-30
HDZ-445-S297,16S,21,16S21,HDZ-445-E1,HDZ-445,,,PL013,MIN_16_2024-8-30
HDZ-448-S298,16S,22,16S22,HDZ-448-E1,HDZ-448,,,PL013,MIN_16_2024-8-30
HDZ-449-S299,16S,23,16S23,HDZ-449-E1,HDZ-449,,,PL013,MIN_16_2024-8-30
PL-NTC-013-CTRL,16S,24,16S24,PL-NTC-013-E1,#N/A,,,PL013,MIN_16_2024-8-30
HDZ-095-S300,16S,1,16S1,HDZ-095-E1,HDZ-095,,,PL014,MIN_16_2024-9-6
HDZ-158-S301,16S,2,16S2,HDZ-158-E1,HDZ-158,,,PL014,MIN_16_2024-9-6
HDZ-159-S302,16S,3,16S3,HDZ-159-E1,HDZ-159,,,PL014,MIN_16_2024-9-6
HDZ-171-S303,16S,4,16S4,HDZ-171-E1,HDZ-171,,,PL014,MIN_16_2024-9-6
HDZ-172-S304,16S,5,16S5,HDZ-172-E1,HDZ-172,,,PL014,MIN_16_2024-9-6
HDZ-237-S305,16S,6,16S6,HDZ-237-E1,HDZ-237,,,PL014,MIN_16_2024-9-6
HDZ-238-S306,16S,7,16S7,HDZ-238-E1,HDZ-238,,,PL014,MIN_16_2024-9-6
HDZ-239-S307,16S,8,16S8,HDZ-239-E1,HDZ-239,,,PL014,MIN_16_2024-9-6
HDZ-268-S308,16S,9,16S9,HDZ-268-E1,HDZ-268,,,PL014,MIN_16_2024-9-6
HDZ-269-S309,16S,10,16S10,HDZ-269-E1,HDZ-269,,,PL014,MIN_16_2024-9-6
HDZ-270-S310,16S,11,16S11,HDZ-270-E1,HDZ-270,,,PL014,MIN_16_2024-9-6
HDZ-271-S311,16S,12,16S12,HDZ-271-E1,HDZ-271,,,PL014,MIN_16_2024-9-6
HDZ-272-S312,16S,13,16S13,HDZ-272-E1,HDZ-272,,,PL014,MIN_16_2024-9-6
HDZ-273-S313,16S,14,16S14,HDZ-273-E1,HDZ-273,,,PL014,MIN_16_2024-9-6
HDZ-274-S314,16S,15,16S15,HDZ-274-E1,HDZ-274,,,PL014,MIN_16_2024-9-6
HDZ-329-S315,16S,16,16S16,HDZ-329-E1,HDZ-329,,,PL014,MIN_16_2024-9-6
HDZ-344-S316,16S,17,16S17,HDZ-344-E1,HDZ-344,,,PL014,MIN_16_2024-9-6
HDZ-346-S317,16S,18,16S18,HDZ-346-E1,HDZ-346,,,PL014,MIN_16_2024-9-6
HDZ-347-S318,16S,19,16S19,HDZ-347-E1,HDZ-347,,,PL014,MIN_16_2024-9-6
HDZ-412-S319,16S,20,16S20,HDZ-412-E1,HDZ-412,,,PL014,MIN_16_2024-9-6
HDZ-413-S320,16S,21,16S21,HDZ-413-E1,HDZ-413,,,PL014,MIN_16_2024-9-6
HDZ-414-S321,16S,22,16S22,HDZ-414-E1,HDZ-414,,,PL014,MIN_16_2024-9-6
HDZ-450-S322,16S,23,16S23,HDZ-450-E1,HDZ-450,,,PL014,MIN_16_2024-9-6
PL-NTC-014-CTRL,16S,24,16S24,PL-NTC-014-E1,#N/A,,,PL014,MIN_16_2024-9-6
HDZ-330-S323,16S,1,16S1,HDZ-330-E1,HDZ-330,,,PL015,MIN_16_2024-9-9
HDZ-331-S324,16S,2,16S2,HDZ-331-E1,HDZ-331,,,PL015,MIN_16_2024-9-9
HDZ-334-S325,16S,3,16S3,HDZ-334-E1,HDZ-334,,,PL015,MIN_16_2024-9-9
HDZ-340-S326,16S,4,16S4,HDZ-340-E1,HDZ-340,,,PL015,MIN_16_2024-9-9
HDZ-381-S327,16S,5,16S5,HDZ-381-E1,HDZ-381,,,PL015,MIN_16_2024-9-9
HDZ-382-S328,16S,6,16S6,HDZ-382-E1,HDZ-382,,,PL015,MIN_16_2024-9-9
HDZ-398-S329,16S,7,16S7,HDZ-398-E1,HDZ-398,,,PL015,MIN_16_2024-9-9
HDZ-399-S330,16S,8,16S8,HDZ-399-E1,HDZ-399,,,PL015,MIN_16_2024-9-9
HDZ-400-S331,16S,9,16S9,HDZ-400-E1,HDZ-400,,,PL015,MIN_16_2024-9-9
HDZ-401-S332,16S,10,16S10,HDZ-401-E1,HDZ-401,,,PL015,MIN_16_2024-9-9
HDZ-402-S333,16S,11,16S11,HDZ-402-E1,HDZ-402,,,PL015,MIN_16_2024-9-9
HDZ-403-S334,16S,12,16S12,HDZ-403-E1,HDZ-403,,,PL015,MIN_16_2024-9-9
HDZ-405-S335,16S,13,16S13,HDZ-405-E1,HDZ-405,,,PL015,MIN_16_2024-9-9
HDZ-406-S336,16S,14,16S14,HDZ-406-E1,HDZ-406,,,PL015,MIN_16_2024-9-9
HDZ-407-S337,16S,15,16S15,HDZ-407-E1,HDZ-407,,,PL015,MIN_16_2024-9-9
HDZ-408-S338,16S,16,16S16,HDZ-408-E1,HDZ-408,,,PL015,MIN_16_2024-9-9
HDZ-409-S339,16S,17,16S17,HDZ-409-E1,HDZ-409,,,PL015,MIN_16_2024-9-9
HDZ-441-S340,16S,18,16S18,HDZ-441-E1,HDZ-441,,,PL015,MIN_16_2024-9-9
HDZ-446-S341,16S,19,16S19,HDZ-446-E1,HDZ-446,,,PL015,MIN_16_2024-9-9
HDZ-447-S342,16S,20,16S20,HDZ-447-E1,HDZ-447,,,PL015,MIN_16_2024-9-9
HDZ-451-S343,16S,21,16S21,HDZ-451-E1,HDZ-451,,,PL015,MIN_16_2024-9-9
HDZ-452-S344,16S,22,16S22,HDZ-452-E1,HDZ-452,,,PL015,MIN_16_2024-9-9
HDZ-453-S345,16S,23,16S23,HDZ-453-E1,HDZ-453,,,PL015,MIN_16_2024-9-9
PL-NTC-015-CTRL,16S,24,16S24,PL-NTC-015-E1,#N/A,,,PL015,MIN_16_2024-9-9
HDZ-049-E1-S346,16S,1,16S1,HDZ-049-E1,HDZ-049,,,PL016,MIN_16_2024-9-20
HDZ-201-E1-S347,16S,2,16S2,HDZ-201-E1,HDZ-201,,,PL016,MIN_16_2024-9-20
HDZ-202-E1-S348,16S,3,16S3,HDZ-202-E1,HDZ-202,,,PL016,MIN_16_2024-9-20
HDZ-410-E1-S349,16S,4,16S4,HDZ-410-E1,HDZ-410,,,PL016,MIN_16_2024-9-20
HDZ-411-E1-S350,16S,5,16S5,HDZ-411-E1,HDZ-411,,,PL016,MIN_16_2024-9-20
HDZ-418-E1-S351,16S,6,16S6,HDZ-418-E1,HDZ-418,,,PL016,MIN_16_2024-9-20
HDZ-419-E1-S352,16S,7,16S7,HDZ-419-E1,HDZ-419,,,PL016,MIN_16_2024-9-20
HDZ-427-E1-S353,16S,8,16S8,HDZ-427-E1,HDZ-427,,,PL016,MIN_16_2024-9-20
HDZ-428-E1-S354,16S,9,16S9,HDZ-428-E1,HDZ-428,,,PL016,MIN_16_2024-9-20
HDZ-429-E1-S355,16S,10,16S10,HDZ-429-E1,HDZ-429,,,PL016,MIN_16_2024-9-20
HDZ-435-E1-S356,16S,11,16S11,HDZ-435-E1,HDZ-435,,,PL016,MIN_16_2024-9-20
HDZ-436-E1-S357,16S,12,16S12,HDZ-436-E1,HDZ-436,,,PL016,MIN_16_2024-9-20
HDZ-454-E1-S358,16S,13,16S13,HDZ-454-E1,HDZ-454,,,PL016,MIN_16_2024-9-20
HDZ-455-E1-S359,16S,14,16S14,HDZ-455-E1,HDZ-455,,,PL016,MIN_16_2024-9-20
HDZ-456-E1-S360,16S,15,16S15,HDZ-456-E1,HDZ-456,,,PL016,MIN_16_2024-9-20
HDZ-457-E1-S361,16S,16,16S16,HDZ-457-E1,HDZ-457,,,PL016,MIN_16_2024-9-20
HDZ-458-E1-S362,16S,17,16S17,HDZ-458-E1,HDZ-458,,,PL016,MIN_16_2024-9-20
HDZ-459-E1-S363,16S,18,16S18,HDZ-459-E1,HDZ-459,,,PL016,MIN_16_2024-9-20
HDZ-460-E1-S364,16S,19,16S19,HDZ-460-E1,HDZ-460,,,PL016,MIN_16_2024-9-20
HDZ-467-E1-S365,16S,20,16S20,HDZ-467-E1,HDZ-467,,,PL016,MIN_16_2024-9-20
HDZ-468-E1-S366,16S,21,16S21,HDZ-468-E1,HDZ-468,,,PL016,MIN_16_2024-9-20
HDZ-469-E1-S367,16S,22,16S22,HDZ-469-E1,HDZ-469,,,PL016,MIN_16_2024-9-20
HDZ-470-E1-S368,16S,23,16S23,HDZ-470-E1,HDZ-470,,,PL016,MIN_16_2024-9-20
PL-NTC-016-CTRL,16S,24,16S24,PL-NTC-016,#N/A,,,PL016,MIN_16_2024-9-20
HDZ-461-S369,16S,1,16S1,HDZ-461-E1,HDZ-461,,,PL017,MIN_16_2024-10-25
HDZ-462-S370,16S,2,16S2,HDZ-462-E1,HDZ-462,,,PL017,MIN_16_2024-10-25
HDZ-463-S371,16S,3,16S3,HDZ-463-E1,HDZ-463,,,PL017,MIN_16_2024-10-25
HDZ-464-S372,16S,4,16S4,HDZ-464-E1,HDZ-464,,,PL017,MIN_16_2024-10-25
HDZ-465-S373,16S,5,16S5,HDZ-465-E1,HDZ-465,,,PL017,MIN_16_2024-10-25
HDZ-466-S374,16S,6,16S6,HDZ-466-E1,HDZ-466,,,PL017,MIN_16_2024-10-25
HDZ-473-S375,16S,7,16S7,HDZ-473-E1,HDZ-473,,,PL017,MIN_16_2024-10-25
HDZ-474-S376,16S,8,16S8,HDZ-474-E1,HDZ-474,,,PL017,MIN_16_2024-10-25
HDZ-475-S377,16S,9,16S9,HDZ-475-E1,HDZ-475,,,PL017,MIN_16_2024-10-25
HDZ-476-S378,16S,10,16S10,HDZ-476-E1,HDZ-476,,,PL017,MIN_16_2024-10-25
HDZ-477-S379,16S,11,16S11,HDZ-477-E1,HDZ-477,,,PL017,MIN_16_2024-10-25
HDZ-478-S380,16S,12,16S12,HDZ-478-E1,HDZ-478,,,PL017,MIN_16_2024-10-25
HDZ-479-S381,16S,13,16S13,HDZ-479-E1,HDZ-479,,,PL017,MIN_16_2024-10-25
HDZ-480-S382,16S,14,16S14,HDZ-480-E1,HDZ-480,,,PL017,MIN_16_2024-10-25
HDZ-481-S383,16S,15,16S15,HDZ-481-E1,HDZ-481,,,PL017,MIN_16_2024-10-25
HDZ-482-S384,16S,16,16S16,HDZ-482-E1,HDZ-482,,,PL017,MIN_16_2024-10-25
HDZ-483-S385,16S,17,16S17,HDZ-483-E1,HDZ-483,,,PL017,MIN_16_2024-10-25
HDZ-484-S386,16S,18,16S18,HDZ-484-E1,HDZ-484,,,PL017,MIN_16_2024-10-25
HDZ-485-S387,16S,19,16S19,HDZ-485-E1,HDZ-485,,,PL017,MIN_16_2024-10-25
HDZ-486-S388,16S,20,16S20,HDZ-486-E1,HDZ-486,,,PL017,MIN_16_2024-10-25
HDZ-487-S389,16S,21,16S21,HDZ-487-E1,HDZ-487,,,PL017,MIN_16_2024-10-25
HDZ-488-S390,16S,22,16S22,HDZ-488-E1,HDZ-488,,,PL017,MIN_16_2024-10-25
HDZ-489-S391,16S,23,16S23,HDZ-489-E1,HDZ-489,,,PL017,MIN_16_2024-10-25
PL-NTC-017-CTRL,16S,24,16S24,PL-NTC-017,#N/A,,,PL017,MIN_16_2024-10-25
HDZ-490-S392,16S,1,16S1,HDZ-490-E1,HDZ-490,,,PL018,MIN_16_2024-10-29
HDZ-491-S393,16S,2,16S2,HDZ-491-E1,HDZ-491,,,PL018,MIN_16_2024-10-29
HDZ-492-S394,16S,3,16S3,HDZ-492-E1,HDZ-492,,,PL018,MIN_16_2024-10-29
HDZ-493-S395,16S,4,16S4,HDZ-493-E1,HDZ-493,,,PL018,MIN_16_2024-10-29
HDZ-494-S396,16S,5,16S5,HDZ-494-E1,HDZ-494,,,PL018,MIN_16_2024-10-29
HDZ-495-S397,16S,6,16S6,HDZ-495-E1,HDZ-495,,,PL018,MIN_16_2024-10-29
HDZ-496-S398,16S,7,16S7,HDZ-496-E1,HDZ-496,,,PL018,MIN_16_2024-10-29
HDZ-497-S399,16S,8,16S8,HDZ-497-E1,HDZ-497,,,PL018,MIN_16_2024-10-29
HDZ-498-S400,16S,9,16S9,HDZ-498-E1,HDZ-498,,,PL018,MIN_16_2024-10-29
HDZ-499-S401,16S,10,16S10,HDZ-499-E1,HDZ-499,,,PL018,MIN_16_2024-10-29
HDZ-500-S402,16S,11,16S11,HDZ-500-E1,HDZ-500,,,PL018,MIN_16_2024-10-29
HDZ-501-S403,16S,12,16S12,HDZ-501-E1,HDZ-501,,,PL018,MIN_16_2024-10-29
HDZ-502-S404,16S,13,16S13,HDZ-502-E1,HDZ-502,,,PL018,MIN_16_2024-10-29
HDZ-503-S405,16S,14,16S14,HDZ-503-E1,HDZ-503,,,PL018,MIN_16_2024-10-29
HDZ-504-S406,16S,15,16S15,HDZ-504-E1,HDZ-504,,,PL018,MIN_16_2024-10-29
HDZ-506-S407,16S,16,16S16,HDZ-506-E1,HDZ-506,,,PL018,MIN_16_2024-10-29
HDZ-507-S408,16S,17,16S17,HDZ-507-E1,HDZ-507,,,PL018,MIN_16_2024-10-29
HDZ-508-S409,16S,18,16S18,HDZ-508-E1,HDZ-508,,,PL018,MIN_16_2024-10-29
HDZ-509-S410,16S,19,16S19,HDZ-509-E1,HDZ-509,,,PL018,MIN_16_2024-10-29
HDZ-510-S411,16S,20,16S20,HDZ-510-E1,HDZ-510,,,PL018,MIN_16_2024-10-29
HDZ-517-S412,16S,21,16S21,HDZ-517-E1,HDZ-517,,,PL018,MIN_16_2024-10-29
HDZ-522-S413,16S,22,16S22,HDZ-522-E1,HDZ-522,,,PL018,MIN_16_2024-10-29
HDZ-525-S414,16S,23,16S23,HDZ-525-E1,HDZ-525,,,PL018,MIN_16_2024-10-29
PL-NTC-018-CTRL,16S,24,16S24,PL-NTC-018,,,,PL018,MIN_16_2024-10-29