"LibraryCode"	"LibraryBarcode"	"reads_unclassified"	"FlowCellSerial"	"protocol_group_id"	"SeqRunID"	"SeqDate"	"SeqDateTime"
"hdz1"	1	12891	"FAX08980"	"hdz1"	"PL001"	2024-05-16	2024-05-16 19:50:14.694401
"hdz1"	2	18102	"FAX08980"	"hdz1"	"PL001"	2024-05-16	2024-05-16 19:50:14.694401
"hdz1"	3	6796	"FAX08980"	"hdz1"	"PL001"	2024-05-16	2024-05-16 19:50:14.694401
"hdz1"	4	15081	"FAX08980"	"hdz1"	"PL001"	2024-05-16	2024-05-16 19:50:14.694401
"hdz1"	5	4860	"FAX08980"	"hdz1"	"PL001"	2024-05-16	2024-05-16 19:50:14.694401
"hdz1"	6	9198	"FAX08980"	"hdz1"	"PL001"	2024-05-16	2024-05-16 19:50:14.694401
"hdz1"	7	14316	"FAX08980"	"hdz1"	"PL001"	2024-05-16	2024-05-16 19:50:14.694401
"hdz1"	8	26750	"FAX08980"	"hdz1"	"PL001"	2024-05-16	2024-05-16 19:50:14.694401
"hdz1"	9	18771	"FAX08980"	"hdz1"	"PL001"	2024-05-16	2024-05-16 19:50:14.694401
"hdz1"	10	7880	"FAX08980"	"hdz1"	"PL001"	2024-05-16	2024-05-16 19:50:14.694401
"hdz1"	11	25576	"FAX08980"	"hdz1"	"PL001"	2024-05-16	2024-05-16 19:50:14.694401
"hdz1"	12	23963	"FAX08980"	"hdz1"	"PL001"	2024-05-16	2024-05-16 19:50:14.694401
"hdz1"	13	19320	"FAX08980"	"hdz1"	"PL001"	2024-05-16	2024-05-16 19:50:14.694401
"hdz1"	14	12471	"FAX08980"	"hdz1"	"PL001"	2024-05-16	2024-05-16 19:50:14.694401
"hdz1"	15	15448	"FAX08980"	"hdz1"	"PL001"	2024-05-16	2024-05-16 19:50:14.694401
"hdz1"	16	8057	"FAX08980"	"hdz1"	"PL001"	2024-05-16	2024-05-16 19:50:14.694401
"hdz1"	17	20610	"FAX08980"	"hdz1"	"PL001"	2024-05-16	2024-05-16 19:50:14.694401
"hdz1"	18	26708	"FAX08980"	"hdz1"	"PL001"	2024-05-16	2024-05-16 19:50:14.694401
"hdz1"	19	9525	"FAX08980"	"hdz1"	"PL001"	2024-05-16	2024-05-16 19:50:14.694401
"hdz1"	20	8841	"FAX08980"	"hdz1"	"PL001"	2024-05-16	2024-05-16 19:50:14.694401
"hdz1"	21	16345	"FAX08980"	"hdz1"	"PL001"	2024-05-16	2024-05-16 19:50:14.694401
"hdz1"	22	15957	"FAX08980"	"hdz1"	"PL001"	2024-05-16	2024-05-16 19:50:14.694401
"hdz1"	23	16068	"FAX08980"	"hdz1"	"PL001"	2024-05-16	2024-05-16 19:50:14.694401
"hdz1"	24	29	"FAX08980"	"hdz1"	"PL001"	2024-05-16	2024-05-16 19:50:14.694401
"hdz2"	1	1694	"AUD789"	"HDZ-PL-002"	"PL002"	2024-06-10	2024-06-10 20:32:18.00607
"hdz2"	2	1333	"AUD789"	"HDZ-PL-002"	"PL002"	2024-06-10	2024-06-10 20:32:18.00607
"hdz2"	3	1030	"AUD789"	"HDZ-PL-002"	"PL002"	2024-06-10	2024-06-10 20:32:18.00607
"hdz2"	4	1149	"AUD789"	"HDZ-PL-002"	"PL002"	2024-06-10	2024-06-10 20:32:18.00607
"hdz2"	5	599	"AUD789"	"HDZ-PL-002"	"PL002"	2024-06-10	2024-06-10 20:32:18.00607
"hdz2"	6	1445	"AUD789"	"HDZ-PL-002"	"PL002"	2024-06-10	2024-06-10 20:32:18.00607
"hdz2"	7	676	"AUD789"	"HDZ-PL-002"	"PL002"	2024-06-10	2024-06-10 20:32:18.00607
"hdz2"	8	1158	"AUD789"	"HDZ-PL-002"	"PL002"	2024-06-10	2024-06-10 20:32:18.00607
"hdz2"	9	441	"AUD789"	"HDZ-PL-002"	"PL002"	2024-06-10	2024-06-10 20:32:18.00607
"hdz2"	10	2551	"AUD789"	"HDZ-PL-002"	"PL002"	2024-06-10	2024-06-10 20:32:18.00607
"hdz2"	11	1376	"AUD789"	"HDZ-PL-002"	"PL002"	2024-06-10	2024-06-10 20:32:18.00607
"hdz2"	12	2301	"AUD789"	"HDZ-PL-002"	"PL002"	2024-06-10	2024-06-10 20:32:18.00607
"hdz2"	13	1958	"AUD789"	"HDZ-PL-002"	"PL002"	2024-06-10	2024-06-10 20:32:18.00607
"hdz2"	14	1646	"AUD789"	"HDZ-PL-002"	"PL002"	2024-06-10	2024-06-10 20:32:18.00607
"hdz2"	15	2	"AUD789"	"HDZ-PL-002"	"PL002"	2024-06-10	2024-06-10 20:32:18.00607
"hdz2"	16	189	"AUD789"	"HDZ-PL-002"	"PL002"	2024-06-10	2024-06-10 20:32:18.00607
"hdz2"	17	2	"AUD789"	"HDZ-PL-002"	"PL002"	2024-06-10	2024-06-10 20:32:18.00607
"hdz2"	18	325	"AUD789"	"HDZ-PL-002"	"PL002"	2024-06-10	2024-06-10 20:32:18.00607
"hdz2"	19	0	"AUD789"	"HDZ-PL-002"	"PL002"	2024-06-10	2024-06-10 20:32:18.00607
"hdz2"	20	0	"AUD789"	"HDZ-PL-002"	"PL002"	2024-06-10	2024-06-10 20:32:18.00607
"hdz2"	21	9	"AUD789"	"HDZ-PL-002"	"PL002"	2024-06-10	2024-06-10 20:32:18.00607
"hdz2"	22	4484	"AUD789"	"HDZ-PL-002"	"PL002"	2024-06-10	2024-06-10 20:32:18.00607
"hdz2"	23	1977	"AUD789"	"HDZ-PL-002"	"PL002"	2024-06-10	2024-06-10 20:32:18.00607
"hdz2"	24	105	"AUD789"	"HDZ-PL-002"	"PL002"	2024-06-10	2024-06-10 20:32:18.00607
"hdz3"	1	4141	"AUA949"	"HDZ-PL-003"	"PL003"	2024-06-12	2024-06-12 20:06:58.563653
"hdz3"	2	881	"AUA949"	"HDZ-PL-003"	"PL003"	2024-06-12	2024-06-12 20:06:58.563653
"hdz3"	3	3140	"AUA949"	"HDZ-PL-003"	"PL003"	2024-06-12	2024-06-12 20:06:58.563653
"hdz3"	4	3285	"AUA949"	"HDZ-PL-003"	"PL003"	2024-06-12	2024-06-12 20:06:58.563653
"hdz3"	5	2017	"AUA949"	"HDZ-PL-003"	"PL003"	2024-06-12	2024-06-12 20:06:58.563653
"hdz3"	6	3451	"AUA949"	"HDZ-PL-003"	"PL003"	2024-06-12	2024-06-12 20:06:58.563653
"hdz3"	7	2777	"AUA949"	"HDZ-PL-003"	"PL003"	2024-06-12	2024-06-12 20:06:58.563653
"hdz3"	8	4318	"AUA949"	"HDZ-PL-003"	"PL003"	2024-06-12	2024-06-12 20:06:58.563653
"hdz3"	9	4519	"AUA949"	"HDZ-PL-003"	"PL003"	2024-06-12	2024-06-12 20:06:58.563653
"hdz3"	10	2218	"AUA949"	"HDZ-PL-003"	"PL003"	2024-06-12	2024-06-12 20:06:58.563653
"hdz3"	11	17548	"AUA949"	"HDZ-PL-003"	"PL003"	2024-06-12	2024-06-12 20:06:58.563653
"hdz3"	12	2278	"AUA949"	"HDZ-PL-003"	"PL003"	2024-06-12	2024-06-12 20:06:58.563653
"hdz3"	13	2793	"AUA949"	"HDZ-PL-003"	"PL003"	2024-06-12	2024-06-12 20:06:58.563653
"hdz3"	14	2548	"AUA949"	"HDZ-PL-003"	"PL003"	2024-06-12	2024-06-12 20:06:58.563653
"hdz3"	15	2709	"AUA949"	"HDZ-PL-003"	"PL003"	2024-06-12	2024-06-12 20:06:58.563653
"hdz3"	16	2389	"AUA949"	"HDZ-PL-003"	"PL003"	2024-06-12	2024-06-12 20:06:58.563653
"hdz3"	17	4247	"AUA949"	"HDZ-PL-003"	"PL003"	2024-06-12	2024-06-12 20:06:58.563653
"hdz3"	18	3800	"AUA949"	"HDZ-PL-003"	"PL003"	2024-06-12	2024-06-12 20:06:58.563653
"hdz3"	19	2597	"AUA949"	"HDZ-PL-003"	"PL003"	2024-06-12	2024-06-12 20:06:58.563653
"hdz3"	20	2656	"AUA949"	"HDZ-PL-003"	"PL003"	2024-06-12	2024-06-12 20:06:58.563653
"hdz3"	21	2292	"AUA949"	"HDZ-PL-003"	"PL003"	2024-06-12	2024-06-12 20:06:58.563653
"hdz3"	22	2566	"AUA949"	"HDZ-PL-003"	"PL003"	2024-06-12	2024-06-12 20:06:58.563653
"hdz3"	23	2606	"AUA949"	"HDZ-PL-003"	"PL003"	2024-06-12	2024-06-12 20:06:58.563653
"hdz3"	24	4	"AUA949"	"HDZ-PL-003"	"PL003"	2024-06-12	2024-06-12 20:06:58.563653
"hdz4"	1	13588	"AUD364"	"HDZ-PL-004"	"PL004"	2024-06-13	2024-06-13 21:37:11.220383
"hdz4"	2	9793	"AUD364"	"HDZ-PL-004"	"PL004"	2024-06-13	2024-06-13 21:37:11.220383
"hdz4"	3	12417	"AUD364"	"HDZ-PL-004"	"PL004"	2024-06-13	2024-06-13 21:37:11.220383
"hdz4"	4	11597	"AUD364"	"HDZ-PL-004"	"PL004"	2024-06-13	2024-06-13 21:37:11.220383
"hdz4"	5	8877	"AUD364"	"HDZ-PL-004"	"PL004"	2024-06-13	2024-06-13 21:37:11.220383
"hdz4"	6	14200	"AUD364"	"HDZ-PL-004"	"PL004"	2024-06-13	2024-06-13 21:37:11.220383
"hdz4"	7	9965	"AUD364"	"HDZ-PL-004"	"PL004"	2024-06-13	2024-06-13 21:37:11.220383
"hdz4"	8	10520	"AUD364"	"HDZ-PL-004"	"PL004"	2024-06-13	2024-06-13 21:37:11.220383
"hdz4"	9	12171	"AUD364"	"HDZ-PL-004"	"PL004"	2024-06-13	2024-06-13 21:37:11.220383
"hdz4"	10	7484	"AUD364"	"HDZ-PL-004"	"PL004"	2024-06-13	2024-06-13 21:37:11.220383
"hdz4"	11	12381	"AUD364"	"HDZ-PL-004"	"PL004"	2024-06-13	2024-06-13 21:37:11.220383
"hdz4"	12	13064	"AUD364"	"HDZ-PL-004"	"PL004"	2024-06-13	2024-06-13 21:37:11.220383
"hdz4"	13	12286	"AUD364"	"HDZ-PL-004"	"PL004"	2024-06-13	2024-06-13 21:37:11.220383
"hdz4"	14	11609	"AUD364"	"HDZ-PL-004"	"PL004"	2024-06-13	2024-06-13 21:37:11.220383
"hdz4"	15	10808	"AUD364"	"HDZ-PL-004"	"PL004"	2024-06-13	2024-06-13 21:37:11.220383
"hdz4"	16	11676	"AUD364"	"HDZ-PL-004"	"PL004"	2024-06-13	2024-06-13 21:37:11.220383
"hdz4"	17	10716	"AUD364"	"HDZ-PL-004"	"PL004"	2024-06-13	2024-06-13 21:37:11.220383
"hdz4"	18	9429	"AUD364"	"HDZ-PL-004"	"PL004"	2024-06-13	2024-06-13 21:37:11.220383
"hdz4"	19	10181	"AUD364"	"HDZ-PL-004"	"PL004"	2024-06-13	2024-06-13 21:37:11.220383
"hdz4"	20	7463	"AUD364"	"HDZ-PL-004"	"PL004"	2024-06-13	2024-06-13 21:37:11.220383
"hdz4"	21	8526	"AUD364"	"HDZ-PL-004"	"PL004"	2024-06-13	2024-06-13 21:37:11.220383
"hdz4"	22	14067	"AUD364"	"HDZ-PL-004"	"PL004"	2024-06-13	2024-06-13 21:37:11.220383
"hdz4"	23	12744	"AUD364"	"HDZ-PL-004"	"PL004"	2024-06-13	2024-06-13 21:37:11.220383
"hdz4"	24	6	"AUD364"	"HDZ-PL-004"	"PL004"	2024-06-13	2024-06-13 21:37:11.220383
"hdz5"	1	10444	"AVI712"	"HDZ-PL-005"	"PL005"	2024-07-17	2024-07-17 17:41:40.26544
"hdz5"	2	6858	"AVI712"	"HDZ-PL-005"	"PL005"	2024-07-17	2024-07-17 17:41:40.26544
"hdz5"	3	11008	"AVI712"	"HDZ-PL-005"	"PL005"	2024-07-17	2024-07-17 17:41:40.26544
"hdz5"	4	7546	"AVI712"	"HDZ-PL-005"	"PL005"	2024-07-17	2024-07-17 17:41:40.26544
"hdz5"	5	4358	"AVI712"	"HDZ-PL-005"	"PL005"	2024-07-17	2024-07-17 17:41:40.26544
"hdz5"	6	4189	"AVI712"	"HDZ-PL-005"	"PL005"	2024-07-17	2024-07-17 17:41:40.26544
"hdz5"	7	7512	"AVI712"	"HDZ-PL-005"	"PL005"	2024-07-17	2024-07-17 17:41:40.26544
"hdz5"	8	9863	"AVI712"	"HDZ-PL-005"	"PL005"	2024-07-17	2024-07-17 17:41:40.26544
"hdz5"	9	11903	"AVI712"	"HDZ-PL-005"	"PL005"	2024-07-17	2024-07-17 17:41:40.26544
"hdz5"	10	14103	"AVI712"	"HDZ-PL-005"	"PL005"	2024-07-17	2024-07-17 17:41:40.26544
"hdz5"	11	11660	"AVI712"	"HDZ-PL-005"	"PL005"	2024-07-17	2024-07-17 17:41:40.26544
"hdz5"	12	7976	"AVI712"	"HDZ-PL-005"	"PL005"	2024-07-17	2024-07-17 17:41:40.26544
"hdz5"	13	7222	"AVI712"	"HDZ-PL-005"	"PL005"	2024-07-17	2024-07-17 17:41:40.26544
"hdz5"	14	3664	"AVI712"	"HDZ-PL-005"	"PL005"	2024-07-17	2024-07-17 17:41:40.26544
"hdz5"	15	5232	"AVI712"	"HDZ-PL-005"	"PL005"	2024-07-17	2024-07-17 17:41:40.26544
"hdz5"	16	7106	"AVI712"	"HDZ-PL-005"	"PL005"	2024-07-17	2024-07-17 17:41:40.26544
"hdz5"	17	9508	"AVI712"	"HDZ-PL-005"	"PL005"	2024-07-17	2024-07-17 17:41:40.26544
"hdz5"	18	12629	"AVI712"	"HDZ-PL-005"	"PL005"	2024-07-17	2024-07-17 17:41:40.26544
"hdz5"	19	7470	"AVI712"	"HDZ-PL-005"	"PL005"	2024-07-17	2024-07-17 17:41:40.26544
"hdz5"	20	13979	"AVI712"	"HDZ-PL-005"	"PL005"	2024-07-17	2024-07-17 17:41:40.26544
"hdz5"	21	1	"AVI712"	"HDZ-PL-005"	"PL005"	2024-07-17	2024-07-17 17:41:40.26544
"hdz5"	22	7994	"AVI712"	"HDZ-PL-005"	"PL005"	2024-07-17	2024-07-17 17:41:40.26544
"hdz5"	23	13238	"AVI712"	"HDZ-PL-005"	"PL005"	2024-07-17	2024-07-17 17:41:40.26544
"hdz5"	24	15	"AVI712"	"HDZ-PL-005"	"PL005"	2024-07-17	2024-07-17 17:41:40.26544
"hdz6"	1	15433	"AVI490"	"HDZ-PL-006"	"PL006"	2024-07-18	2024-07-18 20:35:26.690098
"hdz6"	2	16538	"AVI490"	"HDZ-PL-006"	"PL006"	2024-07-18	2024-07-18 20:35:26.690098
"hdz6"	3	15834	"AVI490"	"HDZ-PL-006"	"PL006"	2024-07-18	2024-07-18 20:35:26.690098
"hdz6"	4	14512	"AVI490"	"HDZ-PL-006"	"PL006"	2024-07-18	2024-07-18 20:35:26.690098
"hdz6"	5	9529	"AVI490"	"HDZ-PL-006"	"PL006"	2024-07-18	2024-07-18 20:35:26.690098
"hdz6"	6	14379	"AVI490"	"HDZ-PL-006"	"PL006"	2024-07-18	2024-07-18 20:35:26.690098
"hdz6"	7	7629	"AVI490"	"HDZ-PL-006"	"PL006"	2024-07-18	2024-07-18 20:35:26.690098
"hdz6"	8	16298	"AVI490"	"HDZ-PL-006"	"PL006"	2024-07-18	2024-07-18 20:35:26.690098
"hdz6"	9	18622	"AVI490"	"HDZ-PL-006"	"PL006"	2024-07-18	2024-07-18 20:35:26.690098
"hdz6"	10	10182	"AVI490"	"HDZ-PL-006"	"PL006"	2024-07-18	2024-07-18 20:35:26.690098
"hdz6"	11	16478	"AVI490"	"HDZ-PL-006"	"PL006"	2024-07-18	2024-07-18 20:35:26.690098
"hdz6"	12	20912	"AVI490"	"HDZ-PL-006"	"PL006"	2024-07-18	2024-07-18 20:35:26.690098
"hdz6"	13	8954	"AVI490"	"HDZ-PL-006"	"PL006"	2024-07-18	2024-07-18 20:35:26.690098
"hdz6"	14	13340	"AVI490"	"HDZ-PL-006"	"PL006"	2024-07-18	2024-07-18 20:35:26.690098
"hdz6"	15	6947	"AVI490"	"HDZ-PL-006"	"PL006"	2024-07-18	2024-07-18 20:35:26.690098
"hdz6"	16	11182	"AVI490"	"HDZ-PL-006"	"PL006"	2024-07-18	2024-07-18 20:35:26.690098
"hdz6"	17	19819	"AVI490"	"HDZ-PL-006"	"PL006"	2024-07-18	2024-07-18 20:35:26.690098
"hdz6"	18	3979	"AVI490"	"HDZ-PL-006"	"PL006"	2024-07-18	2024-07-18 20:35:26.690098
"hdz6"	19	17019	"AVI490"	"HDZ-PL-006"	"PL006"	2024-07-18	2024-07-18 20:35:26.690098
"hdz6"	20	10268	"AVI490"	"HDZ-PL-006"	"PL006"	2024-07-18	2024-07-18 20:35:26.690098
"hdz6"	21	12928	"AVI490"	"HDZ-PL-006"	"PL006"	2024-07-18	2024-07-18 20:35:26.690098
"hdz6"	22	16582	"AVI490"	"HDZ-PL-006"	"PL006"	2024-07-18	2024-07-18 20:35:26.690098
"hdz6"	23	16382	"AVI490"	"HDZ-PL-006"	"PL006"	2024-07-18	2024-07-18 20:35:26.690098
"hdz6"	24	28	"AVI490"	"HDZ-PL-006"	"PL006"	2024-07-18	2024-07-18 20:35:26.690098
"hdz7"	1	12014	"AVH171"	"HDZ-PL-007"	"PL007"	2024-07-22	2024-07-22 23:13:57.01656
"hdz7"	2	12808	"AVH171"	"HDZ-PL-007"	"PL007"	2024-07-22	2024-07-22 23:13:57.01656
"hdz7"	3	13623	"AVH171"	"HDZ-PL-007"	"PL007"	2024-07-22	2024-07-22 23:13:57.01656
"hdz7"	4	12647	"AVH171"	"HDZ-PL-007"	"PL007"	2024-07-22	2024-07-22 23:13:57.01656
"hdz7"	5	7088	"AVH171"	"HDZ-PL-007"	"PL007"	2024-07-22	2024-07-22 23:13:57.01656
"hdz7"	6	8170	"AVH171"	"HDZ-PL-007"	"PL007"	2024-07-22	2024-07-22 23:13:57.01656
"hdz7"	7	9272	"AVH171"	"HDZ-PL-007"	"PL007"	2024-07-22	2024-07-22 23:13:57.01656
"hdz7"	8	12575	"AVH171"	"HDZ-PL-007"	"PL007"	2024-07-22	2024-07-22 23:13:57.01656
"hdz7"	9	13147	"AVH171"	"HDZ-PL-007"	"PL007"	2024-07-22	2024-07-22 23:13:57.01656
"hdz7"	10	8759	"AVH171"	"HDZ-PL-007"	"PL007"	2024-07-22	2024-07-22 23:13:57.01656
"hdz7"	11	15273	"AVH171"	"HDZ-PL-007"	"PL007"	2024-07-22	2024-07-22 23:13:57.01656
"hdz7"	12	15232	"AVH171"	"HDZ-PL-007"	"PL007"	2024-07-22	2024-07-22 23:13:57.01656
"hdz7"	13	13075	"AVH171"	"HDZ-PL-007"	"PL007"	2024-07-22	2024-07-22 23:13:57.01656
"hdz7"	14	10730	"AVH171"	"HDZ-PL-007"	"PL007"	2024-07-22	2024-07-22 23:13:57.01656
"hdz7"	15	9326	"AVH171"	"HDZ-PL-007"	"PL007"	2024-07-22	2024-07-22 23:13:57.01656
"hdz7"	16	9746	"AVH171"	"HDZ-PL-007"	"PL007"	2024-07-22	2024-07-22 23:13:57.01656
"hdz7"	17	12238	"AVH171"	"HDZ-PL-007"	"PL007"	2024-07-22	2024-07-22 23:13:57.01656
"hdz7"	18	10328	"AVH171"	"HDZ-PL-007"	"PL007"	2024-07-22	2024-07-22 23:13:57.01656
"hdz7"	19	10207	"AVH171"	"HDZ-PL-007"	"PL007"	2024-07-22	2024-07-22 23:13:57.01656
"hdz7"	20	8224	"AVH171"	"HDZ-PL-007"	"PL007"	2024-07-22	2024-07-22 23:13:57.01656
"hdz7"	21	4067	"AVH171"	"HDZ-PL-007"	"PL007"	2024-07-22	2024-07-22 23:13:57.01656
"hdz7"	22	9828	"AVH171"	"HDZ-PL-007"	"PL007"	2024-07-22	2024-07-22 23:13:57.01656
"hdz7"	23	8907	"AVH171"	"HDZ-PL-007"	"PL007"	2024-07-22	2024-07-22 23:13:57.01656
"hdz7"	24	29	"AVH171"	"HDZ-PL-007"	"PL007"	2024-07-22	2024-07-22 23:13:57.01656
"hdz8"	1	12560	"AVP307"	"PL8-9"	"PL008"	2024-08-16	2024-08-16 18:56:41.11048
"hdz8"	2	11554	"AVP307"	"PL8-9"	"PL008"	2024-08-16	2024-08-16 18:56:41.11048
"hdz8"	3	12075	"AVP307"	"PL8-9"	"PL008"	2024-08-16	2024-08-16 18:56:41.11048
"hdz8"	4	13517	"AVP307"	"PL8-9"	"PL008"	2024-08-16	2024-08-16 18:56:41.11048
"hdz8"	5	7073	"AVP307"	"PL8-9"	"PL008"	2024-08-16	2024-08-16 18:56:41.11048
"hdz8"	6	12815	"AVP307"	"PL8-9"	"PL008"	2024-08-16	2024-08-16 18:56:41.11048
"hdz8"	7	10094	"AVP307"	"PL8-9"	"PL008"	2024-08-16	2024-08-16 18:56:41.11048
"hdz8"	8	11086	"AVP307"	"PL8-9"	"PL008"	2024-08-16	2024-08-16 18:56:41.11048
"hdz8"	9	9746	"AVP307"	"PL8-9"	"PL008"	2024-08-16	2024-08-16 18:56:41.11048
"hdz8"	10	7897	"AVP307"	"PL8-9"	"PL008"	2024-08-16	2024-08-16 18:56:41.11048
"hdz8"	11	3929	"AVP307"	"PL8-9"	"PL008"	2024-08-16	2024-08-16 18:56:41.11048
"hdz8"	12	10704	"AVP307"	"PL8-9"	"PL008"	2024-08-16	2024-08-16 18:56:41.11048
"hdz8"	13	14471	"AVP307"	"PL8-9"	"PL008"	2024-08-16	2024-08-16 18:56:41.11048
"hdz8"	14	7382	"AVP307"	"PL8-9"	"PL008"	2024-08-16	2024-08-16 18:56:41.11048
"hdz8"	15	12380	"AVP307"	"PL8-9"	"PL008"	2024-08-16	2024-08-16 18:56:41.11048
"hdz8"	16	12191	"AVP307"	"PL8-9"	"PL008"	2024-08-16	2024-08-16 18:56:41.11048
"hdz8"	17	10336	"AVP307"	"PL8-9"	"PL008"	2024-08-16	2024-08-16 18:56:41.11048
"hdz8"	18	5940	"AVP307"	"PL8-9"	"PL008"	2024-08-16	2024-08-16 18:56:41.11048
"hdz8"	19	10196	"AVP307"	"PL8-9"	"PL008"	2024-08-16	2024-08-16 18:56:41.11048
"hdz8"	20	2937	"AVP307"	"PL8-9"	"PL008"	2024-08-16	2024-08-16 18:56:41.11048
"hdz8"	21	11614	"AVP307"	"PL8-9"	"PL008"	2024-08-16	2024-08-16 18:56:41.11048
"hdz8"	22	12697	"AVP307"	"PL8-9"	"PL008"	2024-08-16	2024-08-16 18:56:41.11048
"hdz8"	23	12155	"AVP307"	"PL8-9"	"PL008"	2024-08-16	2024-08-16 18:56:41.11048
"hdz8"	24	25	"AVP307"	"PL8-9"	"PL008"	2024-08-16	2024-08-16 18:56:41.11048
"hdz9"	1	11854	"AWN500"	"PL8-9"	"PL009"	2024-08-16	2024-08-16 18:56:41.056086
"hdz9"	2	6397	"AWN500"	"PL8-9"	"PL009"	2024-08-16	2024-08-16 18:56:41.056086
"hdz9"	3	15664	"AWN500"	"PL8-9"	"PL009"	2024-08-16	2024-08-16 18:56:41.056086
"hdz9"	4	5966	"AWN500"	"PL8-9"	"PL009"	2024-08-16	2024-08-16 18:56:41.056086
"hdz9"	5	6665	"AWN500"	"PL8-9"	"PL009"	2024-08-16	2024-08-16 18:56:41.056086
"hdz9"	6	11592	"AWN500"	"PL8-9"	"PL009"	2024-08-16	2024-08-16 18:56:41.056086
"hdz9"	7	5120	"AWN500"	"PL8-9"	"PL009"	2024-08-16	2024-08-16 18:56:41.056086
"hdz9"	8	16075	"AWN500"	"PL8-9"	"PL009"	2024-08-16	2024-08-16 18:56:41.056086
"hdz9"	9	14484	"AWN500"	"PL8-9"	"PL009"	2024-08-16	2024-08-16 18:56:41.056086
"hdz9"	10	5724	"AWN500"	"PL8-9"	"PL009"	2024-08-16	2024-08-16 18:56:41.056086
"hdz9"	11	17546	"AWN500"	"PL8-9"	"PL009"	2024-08-16	2024-08-16 18:56:41.056086
"hdz9"	12	19257	"AWN500"	"PL8-9"	"PL009"	2024-08-16	2024-08-16 18:56:41.056086
"hdz9"	13	7596	"AWN500"	"PL8-9"	"PL009"	2024-08-16	2024-08-16 18:56:41.056086
"hdz9"	14	12739	"AWN500"	"PL8-9"	"PL009"	2024-08-16	2024-08-16 18:56:41.056086
"hdz9"	15	5602	"AWN500"	"PL8-9"	"PL009"	2024-08-16	2024-08-16 18:56:41.056086
"hdz9"	16	8562	"AWN500"	"PL8-9"	"PL009"	2024-08-16	2024-08-16 18:56:41.056086
"hdz9"	17	10248	"AWN500"	"PL8-9"	"PL009"	2024-08-16	2024-08-16 18:56:41.056086
"hdz9"	18	5356	"AWN500"	"PL8-9"	"PL009"	2024-08-16	2024-08-16 18:56:41.056086
"hdz9"	19	10029	"AWN500"	"PL8-9"	"PL009"	2024-08-16	2024-08-16 18:56:41.056086
"hdz9"	20	8712	"AWN500"	"PL8-9"	"PL009"	2024-08-16	2024-08-16 18:56:41.056086
"hdz9"	21	9210	"AWN500"	"PL8-9"	"PL009"	2024-08-16	2024-08-16 18:56:41.056086
"hdz9"	22	10891	"AWN500"	"PL8-9"	"PL009"	2024-08-16	2024-08-16 18:56:41.056086
"hdz9"	23	5263	"AWN500"	"PL8-9"	"PL009"	2024-08-16	2024-08-16 18:56:41.056086
"hdz9"	24	27	"AWN500"	"PL8-9"	"PL009"	2024-08-16	2024-08-16 18:56:41.056086
"hdz10"	1	4843	"AXK913"	"PL10-11"	"PL010"	2024-08-21	2024-08-21 19:58:28.002915
"hdz10"	2	3609	"AXK913"	"PL10-11"	"PL010"	2024-08-21	2024-08-21 19:58:28.002915
"hdz10"	3	3165	"AXK913"	"PL10-11"	"PL010"	2024-08-21	2024-08-21 19:58:28.002915
"hdz10"	4	2259	"AXK913"	"PL10-11"	"PL010"	2024-08-21	2024-08-21 19:58:28.002915
"hdz10"	5	0	"AXK913"	"PL10-11"	"PL010"	2024-08-21	2024-08-21 19:58:28.002915
"hdz10"	6	2998	"AXK913"	"PL10-11"	"PL010"	2024-08-21	2024-08-21 19:58:28.002915
"hdz10"	7	0	"AXK913"	"PL10-11"	"PL010"	2024-08-21	2024-08-21 19:58:28.002915
"hdz10"	8	4202	"AXK913"	"PL10-11"	"PL010"	2024-08-21	2024-08-21 19:58:28.002915
"hdz10"	9	3500	"AXK913"	"PL10-11"	"PL010"	2024-08-21	2024-08-21 19:58:28.002915
"hdz10"	10	1597	"AXK913"	"PL10-11"	"PL010"	2024-08-21	2024-08-21 19:58:28.002915
"hdz10"	11	3596	"AXK913"	"PL10-11"	"PL010"	2024-08-21	2024-08-21 19:58:28.002915
"hdz10"	12	4534	"AXK913"	"PL10-11"	"PL010"	2024-08-21	2024-08-21 19:58:28.002915
"hdz10"	13	4011	"AXK913"	"PL10-11"	"PL010"	2024-08-21	2024-08-21 19:58:28.002915
"hdz10"	14	3401	"AXK913"	"PL10-11"	"PL010"	2024-08-21	2024-08-21 19:58:28.002915
"hdz10"	15	4981	"AXK913"	"PL10-11"	"PL010"	2024-08-21	2024-08-21 19:58:28.002915
"hdz10"	16	2315	"AXK913"	"PL10-11"	"PL010"	2024-08-21	2024-08-21 19:58:28.002915
"hdz10"	17	5065	"AXK913"	"PL10-11"	"PL010"	2024-08-21	2024-08-21 19:58:28.002915
"hdz10"	18	5010	"AXK913"	"PL10-11"	"PL010"	2024-08-21	2024-08-21 19:58:28.002915
"hdz10"	19	2074	"AXK913"	"PL10-11"	"PL010"	2024-08-21	2024-08-21 19:58:28.002915
"hdz10"	20	3587	"AXK913"	"PL10-11"	"PL010"	2024-08-21	2024-08-21 19:58:28.002915
"hdz10"	21	5895	"AXK913"	"PL10-11"	"PL010"	2024-08-21	2024-08-21 19:58:28.002915
"hdz10"	22	2754	"AXK913"	"PL10-11"	"PL010"	2024-08-21	2024-08-21 19:58:28.002915
"hdz10"	23	6233	"AXK913"	"PL10-11"	"PL010"	2024-08-21	2024-08-21 19:58:28.002915
"hdz10"	24	1	"AXK913"	"PL10-11"	"PL010"	2024-08-21	2024-08-21 19:58:28.002915
"hdz11"	1	15054	"AVN953"	"HDZ-PL011"	"PL011"	2024-08-21	2024-08-21 21:19:53.872014
"hdz11"	2	14207	"AVN953"	"HDZ-PL011"	"PL011"	2024-08-21	2024-08-21 21:19:53.872014
"hdz11"	3	14968	"AVN953"	"HDZ-PL011"	"PL011"	2024-08-21	2024-08-21 21:19:53.872014
"hdz11"	4	11885	"AVN953"	"HDZ-PL011"	"PL011"	2024-08-21	2024-08-21 21:19:53.872014
"hdz11"	5	5981	"AVN953"	"HDZ-PL011"	"PL011"	2024-08-21	2024-08-21 21:19:53.872014
"hdz11"	6	12502	"AVN953"	"HDZ-PL011"	"PL011"	2024-08-21	2024-08-21 21:19:53.872014
"hdz11"	7	8982	"AVN953"	"HDZ-PL011"	"PL011"	2024-08-21	2024-08-21 21:19:53.872014
"hdz11"	8	13918	"AVN953"	"HDZ-PL011"	"PL011"	2024-08-21	2024-08-21 21:19:53.872014
"hdz11"	9	12222	"AVN953"	"HDZ-PL011"	"PL011"	2024-08-21	2024-08-21 21:19:53.872014
"hdz11"	10	8728	"AVN953"	"HDZ-PL011"	"PL011"	2024-08-21	2024-08-21 21:19:53.872014
"hdz11"	11	11652	"AVN953"	"HDZ-PL011"	"PL011"	2024-08-21	2024-08-21 21:19:53.872014
"hdz11"	12	12954	"AVN953"	"HDZ-PL011"	"PL011"	2024-08-21	2024-08-21 21:19:53.872014
"hdz11"	13	13115	"AVN953"	"HDZ-PL011"	"PL011"	2024-08-21	2024-08-21 21:19:53.872014
"hdz11"	14	12686	"AVN953"	"HDZ-PL011"	"PL011"	2024-08-21	2024-08-21 21:19:53.872014
"hdz11"	15	14987	"AVN953"	"HDZ-PL011"	"PL011"	2024-08-21	2024-08-21 21:19:53.872014
"hdz11"	16	10826	"AVN953"	"HDZ-PL011"	"PL011"	2024-08-21	2024-08-21 21:19:53.872014
"hdz11"	17	19760	"AVN953"	"HDZ-PL011"	"PL011"	2024-08-21	2024-08-21 21:19:53.872014
"hdz11"	18	19730	"AVN953"	"HDZ-PL011"	"PL011"	2024-08-21	2024-08-21 21:19:53.872014
"hdz11"	19	10800	"AVN953"	"HDZ-PL011"	"PL011"	2024-08-21	2024-08-21 21:19:53.872014
"hdz11"	20	3675	"AVN953"	"HDZ-PL011"	"PL011"	2024-08-21	2024-08-21 21:19:53.872014
"hdz11"	21	16165	"AVN953"	"HDZ-PL011"	"PL011"	2024-08-21	2024-08-21 21:19:53.872014
"hdz11"	22	16651	"AVN953"	"HDZ-PL011"	"PL011"	2024-08-21	2024-08-21 21:19:53.872014
"hdz11"	23	12083	"AVN953"	"HDZ-PL011"	"PL011"	2024-08-21	2024-08-21 21:19:53.872014
"hdz11"	24	55	"AVN953"	"HDZ-PL011"	"PL011"	2024-08-21	2024-08-21 21:19:53.872014
"hdz12"	1	8933	"AVN769"	"PL12-13"	"PL012"	2024-08-30	2024-08-30 17:37:27.777913
"hdz12"	2	5802	"AVN769"	"PL12-13"	"PL012"	2024-08-30	2024-08-30 17:37:27.777913
"hdz12"	3	6669	"AVN769"	"PL12-13"	"PL012"	2024-08-30	2024-08-30 17:37:27.777913
"hdz12"	4	5519	"AVN769"	"PL12-13"	"PL012"	2024-08-30	2024-08-30 17:37:27.777913
"hdz12"	5	5214	"AVN769"	"PL12-13"	"PL012"	2024-08-30	2024-08-30 17:37:27.777913
"hdz12"	6	5918	"AVN769"	"PL12-13"	"PL012"	2024-08-30	2024-08-30 17:37:27.777913
"hdz12"	7	3631	"AVN769"	"PL12-13"	"PL012"	2024-08-30	2024-08-30 17:37:27.777913
"hdz12"	8	5254	"AVN769"	"PL12-13"	"PL012"	2024-08-30	2024-08-30 17:37:27.777913
"hdz12"	9	4230	"AVN769"	"PL12-13"	"PL012"	2024-08-30	2024-08-30 17:37:27.777913
"hdz12"	10	2291	"AVN769"	"PL12-13"	"PL012"	2024-08-30	2024-08-30 17:37:27.777913
"hdz12"	11	6919	"AVN769"	"PL12-13"	"PL012"	2024-08-30	2024-08-30 17:37:27.777913
"hdz12"	12	8012	"AVN769"	"PL12-13"	"PL012"	2024-08-30	2024-08-30 17:37:27.777913
"hdz12"	13	3559	"AVN769"	"PL12-13"	"PL012"	2024-08-30	2024-08-30 17:37:27.777913
"hdz12"	14	5136	"AVN769"	"PL12-13"	"PL012"	2024-08-30	2024-08-30 17:37:27.777913
"hdz12"	15	7376	"AVN769"	"PL12-13"	"PL012"	2024-08-30	2024-08-30 17:37:27.777913
"hdz12"	16	6103	"AVN769"	"PL12-13"	"PL012"	2024-08-30	2024-08-30 17:37:27.777913
"hdz12"	17	9422	"AVN769"	"PL12-13"	"PL012"	2024-08-30	2024-08-30 17:37:27.777913
"hdz12"	18	7441	"AVN769"	"PL12-13"	"PL012"	2024-08-30	2024-08-30 17:37:27.777913
"hdz12"	19	2870	"AVN769"	"PL12-13"	"PL012"	2024-08-30	2024-08-30 17:37:27.777913
"hdz12"	20	5265	"AVN769"	"PL12-13"	"PL012"	2024-08-30	2024-08-30 17:37:27.777913
"hdz12"	21	8654	"AVN769"	"PL12-13"	"PL012"	2024-08-30	2024-08-30 17:37:27.777913
"hdz12"	22	3965	"AVN769"	"PL12-13"	"PL012"	2024-08-30	2024-08-30 17:37:27.777913
"hdz12"	23	6164	"AVN769"	"PL12-13"	"PL012"	2024-08-30	2024-08-30 17:37:27.777913
"hdz12"	24	33	"AVN769"	"PL12-13"	"PL012"	2024-08-30	2024-08-30 17:37:27.777913
"hdz13"	1	8735	"AVP114"	"PL12-13"	"PL013"	2024-08-30	2024-08-30 17:37:28.176954
"hdz13"	2	5240	"AVP114"	"PL12-13"	"PL013"	2024-08-30	2024-08-30 17:37:28.176954
"hdz13"	3	9409	"AVP114"	"PL12-13"	"PL013"	2024-08-30	2024-08-30 17:37:28.176954
"hdz13"	4	6325	"AVP114"	"PL12-13"	"PL013"	2024-08-30	2024-08-30 17:37:28.176954
"hdz13"	5	3959	"AVP114"	"PL12-13"	"PL013"	2024-08-30	2024-08-30 17:37:28.176954
"hdz13"	6	8195	"AVP114"	"PL12-13"	"PL013"	2024-08-30	2024-08-30 17:37:28.176954
"hdz13"	7	7588	"AVP114"	"PL12-13"	"PL013"	2024-08-30	2024-08-30 17:37:28.176954
"hdz13"	8	1558	"AVP114"	"PL12-13"	"PL013"	2024-08-30	2024-08-30 17:37:28.176954
"hdz13"	9	3709	"AVP114"	"PL12-13"	"PL013"	2024-08-30	2024-08-30 17:37:28.176954
"hdz13"	10	5403	"AVP114"	"PL12-13"	"PL013"	2024-08-30	2024-08-30 17:37:28.176954
"hdz13"	11	5763	"AVP114"	"PL12-13"	"PL013"	2024-08-30	2024-08-30 17:37:28.176954
"hdz13"	12	7980	"AVP114"	"PL12-13"	"PL013"	2024-08-30	2024-08-30 17:37:28.176954
"hdz13"	13	8380	"AVP114"	"PL12-13"	"PL013"	2024-08-30	2024-08-30 17:37:28.176954
"hdz13"	14	7712	"AVP114"	"PL12-13"	"PL013"	2024-08-30	2024-08-30 17:37:28.176954
"hdz13"	15	833	"AVP114"	"PL12-13"	"PL013"	2024-08-30	2024-08-30 17:37:28.176954
"hdz13"	16	5331	"AVP114"	"PL12-13"	"PL013"	2024-08-30	2024-08-30 17:37:28.176954
"hdz13"	17	8079	"AVP114"	"PL12-13"	"PL013"	2024-08-30	2024-08-30 17:37:28.176954
"hdz13"	18	7572	"AVP114"	"PL12-13"	"PL013"	2024-08-30	2024-08-30 17:37:28.176954
"hdz13"	19	7403	"AVP114"	"PL12-13"	"PL013"	2024-08-30	2024-08-30 17:37:28.176954
"hdz13"	20	4613	"AVP114"	"PL12-13"	"PL013"	2024-08-30	2024-08-30 17:37:28.176954
"hdz13"	21	9358	"AVP114"	"PL12-13"	"PL013"	2024-08-30	2024-08-30 17:37:28.176954
"hdz13"	22	9821	"AVP114"	"PL12-13"	"PL013"	2024-08-30	2024-08-30 17:37:28.176954
"hdz13"	23	12009	"AVP114"	"PL12-13"	"PL013"	2024-08-30	2024-08-30 17:37:28.176954
"hdz13"	24	29	"AVP114"	"PL12-13"	"PL013"	2024-08-30	2024-08-30 17:37:28.176954
"hdz14"	1	13793	"AVP124"	"PL014"	"PL14"	2024-09-06	2024-09-06 18:04:40.927986
"hdz14"	2	10460	"AVP124"	"PL014"	"PL14"	2024-09-06	2024-09-06 18:04:40.927986
"hdz14"	3	12572	"AVP124"	"PL014"	"PL14"	2024-09-06	2024-09-06 18:04:40.927986
"hdz14"	4	12359	"AVP124"	"PL014"	"PL14"	2024-09-06	2024-09-06 18:04:40.927986
"hdz14"	5	4313	"AVP124"	"PL014"	"PL14"	2024-09-06	2024-09-06 18:04:40.927986
"hdz14"	6	7988	"AVP124"	"PL014"	"PL14"	2024-09-06	2024-09-06 18:04:40.927986
"hdz14"	7	3875	"AVP124"	"PL014"	"PL14"	2024-09-06	2024-09-06 18:04:40.927986
"hdz14"	8	9263	"AVP124"	"PL014"	"PL14"	2024-09-06	2024-09-06 18:04:40.927986
"hdz14"	9	5447	"AVP124"	"PL014"	"PL14"	2024-09-06	2024-09-06 18:04:40.927986
"hdz14"	10	7843	"AVP124"	"PL014"	"PL14"	2024-09-06	2024-09-06 18:04:40.927986
"hdz14"	11	9776	"AVP124"	"PL014"	"PL14"	2024-09-06	2024-09-06 18:04:40.927986
"hdz14"	12	11664	"AVP124"	"PL014"	"PL14"	2024-09-06	2024-09-06 18:04:40.927986
"hdz14"	13	10976	"AVP124"	"PL014"	"PL14"	2024-09-06	2024-09-06 18:04:40.927986
"hdz14"	14	9703	"AVP124"	"PL014"	"PL14"	2024-09-06	2024-09-06 18:04:40.927986
"hdz14"	15	12974	"AVP124"	"PL014"	"PL14"	2024-09-06	2024-09-06 18:04:40.927986
"hdz14"	16	2478	"AVP124"	"PL014"	"PL14"	2024-09-06	2024-09-06 18:04:40.927986
"hdz14"	17	11488	"AVP124"	"PL014"	"PL14"	2024-09-06	2024-09-06 18:04:40.927986
"hdz14"	18	9664	"AVP124"	"PL014"	"PL14"	2024-09-06	2024-09-06 18:04:40.927986
"hdz14"	19	7550	"AVP124"	"PL014"	"PL14"	2024-09-06	2024-09-06 18:04:40.927986
"hdz14"	20	7691	"AVP124"	"PL014"	"PL14"	2024-09-06	2024-09-06 18:04:40.927986
"hdz14"	21	16	"AVP124"	"PL014"	"PL14"	2024-09-06	2024-09-06 18:04:40.927986
"hdz14"	22	6776	"AVP124"	"PL014"	"PL14"	2024-09-06	2024-09-06 18:04:40.927986
"hdz14"	23	5392	"AVP124"	"PL014"	"PL14"	2024-09-06	2024-09-06 18:04:40.927986
"hdz14"	24	35	"AVP124"	"PL014"	"PL14"	2024-09-06	2024-09-06 18:04:40.927986
"hdz15"	1	19471	"AVN883"	"PL015"	"PL15"	2024-09-09	2024-09-09 18:48:59.845521
"hdz15"	2	14512	"AVN883"	"PL015"	"PL15"	2024-09-09	2024-09-09 18:48:59.845521
"hdz15"	3	17269	"AVN883"	"PL015"	"PL15"	2024-09-09	2024-09-09 18:48:59.845521
"hdz15"	4	12526	"AVN883"	"PL015"	"PL15"	2024-09-09	2024-09-09 18:48:59.845521
"hdz15"	5	8635	"AVN883"	"PL015"	"PL15"	2024-09-09	2024-09-09 18:48:59.845521
"hdz15"	6	5409	"AVN883"	"PL015"	"PL15"	2024-09-09	2024-09-09 18:48:59.845521
"hdz15"	7	13203	"AVN883"	"PL015"	"PL15"	2024-09-09	2024-09-09 18:48:59.845521
"hdz15"	8	9411	"AVN883"	"PL015"	"PL15"	2024-09-09	2024-09-09 18:48:59.845521
"hdz15"	9	10695	"AVN883"	"PL015"	"PL15"	2024-09-09	2024-09-09 18:48:59.845521
"hdz15"	10	7380	"AVN883"	"PL015"	"PL15"	2024-09-09	2024-09-09 18:48:59.845521
"hdz15"	11	12800	"AVN883"	"PL015"	"PL15"	2024-09-09	2024-09-09 18:48:59.845521
"hdz15"	12	13154	"AVN883"	"PL015"	"PL15"	2024-09-09	2024-09-09 18:48:59.845521
"hdz15"	13	12541	"AVN883"	"PL015"	"PL15"	2024-09-09	2024-09-09 18:48:59.845521
"hdz15"	14	12525	"AVN883"	"PL015"	"PL15"	2024-09-09	2024-09-09 18:48:59.845521
"hdz15"	15	7139	"AVN883"	"PL015"	"PL15"	2024-09-09	2024-09-09 18:48:59.845521
"hdz15"	16	14550	"AVN883"	"PL015"	"PL15"	2024-09-09	2024-09-09 18:48:59.845521
"hdz15"	17	18534	"AVN883"	"PL015"	"PL15"	2024-09-09	2024-09-09 18:48:59.845521
"hdz15"	18	15281	"AVN883"	"PL015"	"PL15"	2024-09-09	2024-09-09 18:48:59.845521
"hdz15"	19	14167	"AVN883"	"PL015"	"PL15"	2024-09-09	2024-09-09 18:48:59.845521
"hdz15"	20	13789	"AVN883"	"PL015"	"PL15"	2024-09-09	2024-09-09 18:48:59.845521
"hdz15"	21	18306	"AVN883"	"PL015"	"PL15"	2024-09-09	2024-09-09 18:48:59.845521
"hdz15"	22	13666	"AVN883"	"PL015"	"PL15"	2024-09-09	2024-09-09 18:48:59.845521
"hdz15"	23	19210	"AVN883"	"PL015"	"PL15"	2024-09-09	2024-09-09 18:48:59.845521
"hdz15"	24	75	"AVN883"	"PL015"	"PL15"	2024-09-09	2024-09-09 18:48:59.845521
"hdz16"	1	2285	"AVU071"	"PL016"	"PL16"	2024-09-20	2024-09-20 23:00:38.522417
"hdz16"	2	1616	"AVU071"	"PL016"	"PL16"	2024-09-20	2024-09-20 23:00:38.522417
"hdz16"	3	1593	"AVU071"	"PL016"	"PL16"	2024-09-20	2024-09-20 23:00:38.522417
"hdz16"	4	1268	"AVU071"	"PL016"	"PL16"	2024-09-20	2024-09-20 23:00:38.522417
"hdz16"	5	1217	"AVU071"	"PL016"	"PL16"	2024-09-20	2024-09-20 23:00:38.522417
"hdz16"	6	1036	"AVU071"	"PL016"	"PL16"	2024-09-20	2024-09-20 23:00:38.522417
"hdz16"	7	1469	"AVU071"	"PL016"	"PL16"	2024-09-20	2024-09-20 23:00:38.522417
"hdz16"	8	1599	"AVU071"	"PL016"	"PL16"	2024-09-20	2024-09-20 23:00:38.522417
"hdz16"	9	1619	"AVU071"	"PL016"	"PL16"	2024-09-20	2024-09-20 23:00:38.522417
"hdz16"	10	1436	"AVU071"	"PL016"	"PL16"	2024-09-20	2024-09-20 23:00:38.522417
"hdz16"	11	1826	"AVU071"	"PL016"	"PL16"	2024-09-20	2024-09-20 23:00:38.522417
"hdz16"	12	1651	"AVU071"	"PL016"	"PL16"	2024-09-20	2024-09-20 23:00:38.522417
"hdz16"	13	1716	"AVU071"	"PL016"	"PL16"	2024-09-20	2024-09-20 23:00:38.522417
"hdz16"	14	1792	"AVU071"	"PL016"	"PL16"	2024-09-20	2024-09-20 23:00:38.522417
"hdz16"	15	1710	"AVU071"	"PL016"	"PL16"	2024-09-20	2024-09-20 23:00:38.522417
"hdz16"	16	2168	"AVU071"	"PL016"	"PL16"	2024-09-20	2024-09-20 23:00:38.522417
"hdz16"	17	1845	"AVU071"	"PL016"	"PL16"	2024-09-20	2024-09-20 23:00:38.522417
"hdz16"	18	1658	"AVU071"	"PL016"	"PL16"	2024-09-20	2024-09-20 23:00:38.522417
"hdz16"	19	1416	"AVU071"	"PL016"	"PL16"	2024-09-20	2024-09-20 23:00:38.522417
"hdz16"	20	1436	"AVU071"	"PL016"	"PL16"	2024-09-20	2024-09-20 23:00:38.522417
"hdz16"	21	2068	"AVU071"	"PL016"	"PL16"	2024-09-20	2024-09-20 23:00:38.522417
"hdz16"	22	2144	"AVU071"	"PL016"	"PL16"	2024-09-20	2024-09-20 23:00:38.522417
"hdz16"	23	1841	"AVU071"	"PL016"	"PL16"	2024-09-20	2024-09-20 23:00:38.522417
"hdz16"	24	3	"AVU071"	"PL016"	"PL16"	2024-09-20	2024-09-20 23:00:38.522417
"hdz17"	1	8690	"AWD070"	"HDZ-PL-017"	"PL017"	2024-10-25	2024-10-25 20:44:15.683118
"hdz17"	2	5024	"AWD070"	"HDZ-PL-017"	"PL017"	2024-10-25	2024-10-25 20:44:15.683118
"hdz17"	3	16894	"AWD070"	"HDZ-PL-017"	"PL017"	2024-10-25	2024-10-25 20:44:15.683118
"hdz17"	4	9279	"AWD070"	"HDZ-PL-017"	"PL017"	2024-10-25	2024-10-25 20:44:15.683118
"hdz17"	5	4254	"AWD070"	"HDZ-PL-017"	"PL017"	2024-10-25	2024-10-25 20:44:15.683118
"hdz17"	6	6956	"AWD070"	"HDZ-PL-017"	"PL017"	2024-10-25	2024-10-25 20:44:15.683118
"hdz17"	7	5933	"AWD070"	"HDZ-PL-017"	"PL017"	2024-10-25	2024-10-25 20:44:15.683118
"hdz17"	8	7163	"AWD070"	"HDZ-PL-017"	"PL017"	2024-10-25	2024-10-25 20:44:15.683118
"hdz17"	9	8063	"AWD070"	"HDZ-PL-017"	"PL017"	2024-10-25	2024-10-25 20:44:15.683118
"hdz17"	10	3276	"AWD070"	"HDZ-PL-017"	"PL017"	2024-10-25	2024-10-25 20:44:15.683118
"hdz17"	11	6080	"AWD070"	"HDZ-PL-017"	"PL017"	2024-10-25	2024-10-25 20:44:15.683118
"hdz17"	12	4723	"AWD070"	"HDZ-PL-017"	"PL017"	2024-10-25	2024-10-25 20:44:15.683118
"hdz17"	13	7468	"AWD070"	"HDZ-PL-017"	"PL017"	2024-10-25	2024-10-25 20:44:15.683118
"hdz17"	14	6339	"AWD070"	"HDZ-PL-017"	"PL017"	2024-10-25	2024-10-25 20:44:15.683118
"hdz17"	15	6130	"AWD070"	"HDZ-PL-017"	"PL017"	2024-10-25	2024-10-25 20:44:15.683118
"hdz17"	16	2952	"AWD070"	"HDZ-PL-017"	"PL017"	2024-10-25	2024-10-25 20:44:15.683118
"hdz17"	17	8607	"AWD070"	"HDZ-PL-017"	"PL017"	2024-10-25	2024-10-25 20:44:15.683118
"hdz17"	18	6474	"AWD070"	"HDZ-PL-017"	"PL017"	2024-10-25	2024-10-25 20:44:15.683118
"hdz17"	19	4804	"AWD070"	"HDZ-PL-017"	"PL017"	2024-10-25	2024-10-25 20:44:15.683118
"hdz17"	20	5231	"AWD070"	"HDZ-PL-017"	"PL017"	2024-10-25	2024-10-25 20:44:15.683118
"hdz17"	21	8812	"AWD070"	"HDZ-PL-017"	"PL017"	2024-10-25	2024-10-25 20:44:15.683118
"hdz17"	22	9546	"AWD070"	"HDZ-PL-017"	"PL017"	2024-10-25	2024-10-25 20:44:15.683118
"hdz17"	23	6111	"AWD070"	"HDZ-PL-017"	"PL017"	2024-10-25	2024-10-25 20:44:15.683118
"hdz17"	24	12	"AWD070"	"HDZ-PL-017"	"PL017"	2024-10-25	2024-10-25 20:44:15.683118
"hdz18"	1	4741	"AWC828"	"PL018"	"PL18"	2024-10-29	2024-10-29 18:36:31.207175
"hdz18"	2	4396	"AWC828"	"PL018"	"PL18"	2024-10-29	2024-10-29 18:36:31.207175
"hdz18"	3	2954	"AWC828"	"PL018"	"PL18"	2024-10-29	2024-10-29 18:36:31.207175
"hdz18"	4	3913	"AWC828"	"PL018"	"PL18"	2024-10-29	2024-10-29 18:36:31.207175
"hdz18"	5	2172	"AWC828"	"PL018"	"PL18"	2024-10-29	2024-10-29 18:36:31.207175
"hdz18"	6	2752	"AWC828"	"PL018"	"PL18"	2024-10-29	2024-10-29 18:36:31.207175
"hdz18"	7	4287	"AWC828"	"PL018"	"PL18"	2024-10-29	2024-10-29 18:36:31.207175
"hdz18"	8	2859	"AWC828"	"PL018"	"PL18"	2024-10-29	2024-10-29 18:36:31.207175
"hdz18"	9	3238	"AWC828"	"PL018"	"PL18"	2024-10-29	2024-10-29 18:36:31.207175
"hdz18"	10	2232	"AWC828"	"PL018"	"PL18"	2024-10-29	2024-10-29 18:36:31.207175
"hdz18"	11	3875	"AWC828"	"PL018"	"PL18"	2024-10-29	2024-10-29 18:36:31.207175
"hdz18"	12	3682	"AWC828"	"PL018"	"PL18"	2024-10-29	2024-10-29 18:36:31.207175
"hdz18"	13	2131	"AWC828"	"PL018"	"PL18"	2024-10-29	2024-10-29 18:36:31.207175
"hdz18"	14	3178	"AWC828"	"PL018"	"PL18"	2024-10-29	2024-10-29 18:36:31.207175
"hdz18"	15	4836	"AWC828"	"PL018"	"PL18"	2024-10-29	2024-10-29 18:36:31.207175
"hdz18"	16	3874	"AWC828"	"PL018"	"PL18"	2024-10-29	2024-10-29 18:36:31.207175
"hdz18"	17	4851	"AWC828"	"PL018"	"PL18"	2024-10-29	2024-10-29 18:36:31.207175
"hdz18"	18	4254	"AWC828"	"PL018"	"PL18"	2024-10-29	2024-10-29 18:36:31.207175
"hdz18"	19	5155	"AWC828"	"PL018"	"PL18"	2024-10-29	2024-10-29 18:36:31.207175
"hdz18"	20	3307	"AWC828"	"PL018"	"PL18"	2024-10-29	2024-10-29 18:36:31.207175
"hdz18"	21	5425	"AWC828"	"PL018"	"PL18"	2024-10-29	2024-10-29 18:36:31.207175
"hdz18"	22	5254	"AWC828"	"PL018"	"PL18"	2024-10-29	2024-10-29 18:36:31.207175
"hdz18"	23	5397	"AWC828"	"PL018"	"PL18"	2024-10-29	2024-10-29 18:36:31.207175
"hdz18"	24	15	"AWC828"	"PL018"	"PL18"	2024-10-29	2024-10-29 18:36:31.207175
